[
  {
    "shade_number": "751",
    "color_name": "Cherry Mocha",
    "hex": "#35111F",
    "rgb": [
      53,
      17,
      31
    ],
    "images": [
      "dnd_duo_data/751_Cherry_Mocha/1.jpg"
    ]
  },
  {
    "shade_number": "430",
    "color_name": "Ferrari Red",
    "hex": "#EC575E",
    "rgb": [
      236,
      87,
      94
    ],
    "images": [
      "dnd_duo_data/430_Ferrari_Red/1.jpg"
    ]
  },
  {
    "shade_number": "429",
    "color_name": "Boston University Red",
    "hex": "#7C1324",
    "rgb": [
      124,
      19,
      36
    ],
    "images": [
      "dnd_duo_data/429_Boston_University_Red/1.jpg"
    ]
  },
  {
    "shade_number": "785",
    "color_name": "Voodoo",
    "hex": "#CFEACB",
    "rgb": [
      207,
      234,
      203
    ],
    "images": [
      "dnd_duo_data/785_Voodoo/1.jpg"
    ]
  },
  {
    "shade_number": "601",
    "color_name": "Ballet Pink",
    "hex": "#F2E2EC",
    "rgb": [
      242,
      226,
      236
    ],
    "images": [
      "dnd_duo_data/601_Ballet_Pink/1.jpg"
    ]
  },
  {
    "shade_number": "747",
    "color_name": "Aurora Green",
    "hex": "#0B332D",
    "rgb": [
      11,
      51,
      45
    ],
    "images": [
      "dnd_duo_data/747_Aurora_Green/1.jpg"
    ]
  },
  {
    "shade_number": "753",
    "color_name": "Scarlett Dreams",
    "hex": "#984654",
    "rgb": [
      152,
      70,
      84
    ],
    "images": [
      "dnd_duo_data/753_Scarlett_Dreams/1.jpg"
    ]
  },
  {
    "shade_number": "734",
    "color_name": "Berry Blue",
    "hex": "#181675",
    "rgb": [
      24,
      22,
      117
    ],
    "images": [
      "dnd_duo_data/734_Berry_Blue/1.jpg"
    ]
  },
  {
    "shade_number": "750",
    "color_name": "Fudgsicle",
    "hex": "#24111A",
    "rgb": [
      36,
      17,
      26
    ],
    "images": [
      "dnd_duo_data/750_Fudgsicle/1.jpg"
    ]
  },
  {
    "shade_number": "448",
    "color_name": "Snow Flake",
    "hex": "#F5F5F5",
    "rgb": [
      245,
      245,
      245
    ],
    "images": [
      "dnd_duo_data/448_Snow_Flake/1.jpg"
    ]
  },
  {
    "shade_number": "807",
    "color_name": "Cotton Candy",
    "hex": "#F2D2D7",
    "rgb": [
      242,
      210,
      215
    ],
    "images": [
      "dnd_duo_data/807_Cotton_Candy/1.jpg"
    ]
  },
  {
    "shade_number": "622",
    "color_name": "Midnight Blue",
    "hex": "#555C7D",
    "rgb": [
      85,
      92,
      125
    ],
    "images": [
      "dnd_duo_data/622_Midnight_Blue/1.jpg"
    ]
  },
  {
    "shade_number": "671",
    "color_name": "Blue Hawaiian",
    "hex": "#A5BBE2",
    "rgb": [
      165,
      187,
      226
    ],
    "images": [
      "dnd_duo_data/671_Blue_Hawaiian/1.jpg"
    ]
  },
  {
    "shade_number": "447",
    "color_name": "Black Licorice",
    "hex": "#495159",
    "rgb": [
      73,
      81,
      89
    ],
    "images": [
      "dnd_duo_data/447_Black_Licorice/1.jpg"
    ]
  },
  {
    "shade_number": "726",
    "color_name": "Whirly Pop",
    "hex": "#EDADEB",
    "rgb": [
      237,
      173,
      235
    ],
    "images": [
      "dnd_duo_data/726_Whirly_Pop/1.jpg"
    ]
  },
  {
    "shade_number": "795",
    "color_name": "Super-Nova",
    "hex": "#07296F",
    "rgb": [
      7,
      41,
      111
    ],
    "images": [
      "dnd_duo_data/795_Super-Nova/1.jpg"
    ]
  },
  {
    "shade_number": "741",
    "color_name": "Diamond Eyes",
    "hex": "#3181D1",
    "rgb": [
      49,
      129,
      209
    ],
    "images": [
      "dnd_duo_data/741_Diamond_Eyes/1.jpg"
    ]
  },
  {
    "shade_number": "529",
    "color_name": "Blue River",
    "hex": "#A2BFC1",
    "rgb": [
      162,
      191,
      193
    ],
    "images": [
      "dnd_duo_data/529_Blue_River/1.jpg"
    ]
  },
  {
    "shade_number": "633",
    "color_name": "Garnet Red",
    "hex": "#4D111E",
    "rgb": [
      77,
      17,
      30
    ],
    "images": [
      "dnd_duo_data/633_Garnet_Red/1.jpg"
    ]
  },
  {
    "shade_number": "792",
    "color_name": "Bubbles",
    "hex": "#8FC0D1",
    "rgb": [
      143,
      192,
      209
    ],
    "images": [
      "dnd_duo_data/792_Bubbles/1.jpg"
    ]
  },
  {
    "shade_number": "574",
    "color_name": "Blue Bell",
    "hex": "#808DA7",
    "rgb": [
      128,
      141,
      167
    ],
    "images": [
      "dnd_duo_data/574_Blue_Bell/1.jpg"
    ]
  },
  {
    "shade_number": "572",
    "color_name": "Great Smoky Mountain",
    "hex": "#9792A8",
    "rgb": [
      151,
      146,
      168
    ],
    "images": [
      "dnd_duo_data/572_Great_Smoky_Mountain/1.jpg"
    ]
  },
  {
    "shade_number": "640",
    "color_name": "Barbie Pink",
    "hex": "#EC5596",
    "rgb": [
      236,
      85,
      150
    ],
    "images": [
      "dnd_duo_data/640_Barbie_Pink/1.jpg"
    ]
  },
  {
    "shade_number": "719",
    "color_name": "Tutti Frutti",
    "hex": "#F768AF",
    "rgb": [
      247,
      104,
      175
    ],
    "images": [
      "dnd_duo_data/719_Tutti_Frutti/1.jpg"
    ]
  },
  {
    "shade_number": "499",
    "color_name": "Be My Valentine",
    "hex": "#C7648F",
    "rgb": [
      199,
      100,
      143
    ],
    "images": [
      "dnd_duo_data/499_Be_My_Valentine/1.jpg"
    ]
  },
  {
    "shade_number": "757",
    "color_name": "Chili Pepper",
    "hex": "#EC3B3B",
    "rgb": [
      236,
      59,
      59
    ],
    "images": [
      "dnd_duo_data/757_Chili_Pepper/1.jpg"
    ]
  },
  {
    "shade_number": "745",
    "color_name": "Honey",
    "hex": "#FCDE8E",
    "rgb": [
      252,
      222,
      142
    ],
    "images": [
      "dnd_duo_data/745_Honey/1.jpg"
    ]
  },
  {
    "shade_number": "473",
    "color_name": "French Tip",
    "hex": "#F4F4F4",
    "rgb": [
      244,
      244,
      244
    ],
    "images": [
      "dnd_duo_data/473_French_Tip/1.jpg"
    ]
  },
  {
    "shade_number": "575",
    "color_name": "Blue Earth",
    "hex": "#A5BBE2",
    "rgb": [
      165,
      187,
      226
    ],
    "images": [
      "dnd_duo_data/575_Blue_Earth/1.jpg"
    ]
  },
  {
    "shade_number": "740",
    "color_name": "Dazzle",
    "hex": "#8DA2E6",
    "rgb": [
      141,
      162,
      230
    ],
    "images": [
      "dnd_duo_data/740_Dazzle/1.jpg"
    ]
  },
  {
    "shade_number": "436",
    "color_name": "Baby Blue",
    "hex": "#3C8FA0",
    "rgb": [
      60,
      143,
      160
    ],
    "images": [
      "dnd_duo_data/436_Baby_Blue/1.jpg"
    ]
  },
  {
    "shade_number": "729",
    "color_name": "Ambrosia",
    "hex": "#101C5A",
    "rgb": [
      16,
      28,
      90
    ],
    "images": [
      "dnd_duo_data/729_Ambrosia/1.jpg"
    ]
  },
  {
    "shade_number": "756",
    "color_name": "Bonfire",
    "hex": "#C43C3C",
    "rgb": [
      196,
      60,
      60
    ],
    "images": [
      "dnd_duo_data/756_Bonfire/1.jpg"
    ]
  },
  {
    "shade_number": "418",
    "color_name": "Butternut Squash",
    "hex": "#785A54",
    "rgb": [
      120,
      90,
      84
    ],
    "images": [
      "dnd_duo_data/418_Butternut_Squash/1.jpg"
    ]
  },
  {
    "shade_number": "754",
    "color_name": "Winter Berry",
    "hex": "#994048",
    "rgb": [
      153,
      64,
      72
    ],
    "images": [
      "dnd_duo_data/754_Winter_Berry/1.jpg"
    ]
  },
  {
    "shade_number": "550",
    "color_name": "Coral Castle",
    "hex": "#F7E6EC",
    "rgb": [
      247,
      230,
      236
    ],
    "images": [
      "dnd_duo_data/550_Coral_Castle/1.jpg"
    ]
  },
  {
    "shade_number": "443",
    "color_name": "Twinkle Little Star",
    "hex": "#F0F0EC",
    "rgb": [
      240,
      240,
      236
    ],
    "images": [
      "dnd_duo_data/443_Twinkle_Little_Star/1.jpg"
    ]
  },
  {
    "shade_number": "427",
    "color_name": "Air Of Mint",
    "hex": "#749993",
    "rgb": [
      116,
      153,
      147
    ],
    "images": [
      "dnd_duo_data/427_Air_Of_Mint/1.jpg"
    ]
  },
  {
    "shade_number": "811",
    "color_name": "Guava",
    "hex": "#F69385",
    "rgb": [
      246,
      147,
      133
    ],
    "images": [
      "dnd_duo_data/811_Guava/1.jpg"
    ]
  },
  {
    "shade_number": "441",
    "color_name": "Clear Pink",
    "hex": "#ECDFE5",
    "rgb": [
      236,
      223,
      229
    ],
    "images": [
      "dnd_duo_data/441_Clear_Pink/1.jpg"
    ]
  },
  {
    "shade_number": "713",
    "color_name": "Orange Sherbet",
    "hex": "#FB933D",
    "rgb": [
      251,
      147,
      61
    ],
    "images": [
      "dnd_duo_data/713_Orange_Sherbet/1.jpg"
    ]
  },
  {
    "shade_number": "731",
    "color_name": "Plum",
    "hex": "#7D405E",
    "rgb": [
      125,
      64,
      94
    ],
    "images": [
      "dnd_duo_data/731_Plum/1.jpg"
    ]
  },
  {
    "shade_number": "608",
    "color_name": "Adobe",
    "hex": "#B07E7F",
    "rgb": [
      176,
      126,
      127
    ],
    "images": [
      "dnd_duo_data/608_Adobe/1.jpg"
    ]
  },
  {
    "shade_number": "563",
    "color_name": "DND Red",
    "hex": "#E85A6B",
    "rgb": [
      232,
      90,
      107
    ],
    "images": [
      "dnd_duo_data/563_DND_Red/1.jpg"
    ]
  },
  {
    "shade_number": "666",
    "color_name": "Caribbean Sea",
    "hex": "#3FB7AC",
    "rgb": [
      63,
      183,
      172
    ],
    "images": [
      "dnd_duo_data/666_Caribbean_Sea/1.jpg"
    ]
  },
  {
    "shade_number": "794",
    "color_name": "Rock n Blue",
    "hex": "#7392BF",
    "rgb": [
      115,
      146,
      191
    ],
    "images": [
      "dnd_duo_data/794_Rock_n_Blue/1.jpg"
    ]
  },
  {
    "shade_number": "4",
    "color_name": "Leaf Clover #748",
    "hex": "#3B7A57",
    "rgb": [
      59,
      122,
      87
    ],
    "images": [
      "dnd_duo_data/4_Leaf_Clover_#748/1.jpg"
    ]
  },
  {
    "shade_number": "739",
    "color_name": "Velvet",
    "hex": "#B8B7E3",
    "rgb": [
      184,
      183,
      227
    ],
    "images": [
      "dnd_duo_data/739_Velvet/1.jpg"
    ]
  },
  {
    "shade_number": "449",
    "color_name": "First Kiss",
    "hex": "#E8C2D7",
    "rgb": [
      232,
      194,
      215
    ],
    "images": [
      "dnd_duo_data/449_First_Kiss/1.jpg"
    ]
  },
  {
    "shade_number": "755",
    "color_name": "Jinx",
    "hex": "#6E2B41",
    "rgb": [
      110,
      43,
      65
    ],
    "images": [
      "dnd_duo_data/755_Jinx/1.jpg"
    ]
  },
  {
    "shade_number": "607",
    "color_name": "Hazelnut",
    "hex": "#B98892",
    "rgb": [
      185,
      136,
      146
    ],
    "images": [
      "dnd_duo_data/607_Hazelnut/1.jpg"
    ]
  },
  {
    "shade_number": "787",
    "color_name": "Carousel",
    "hex": "#A1D9CA",
    "rgb": [
      161,
      217,
      202
    ],
    "images": [
      "dnd_duo_data/787_Carousel/1.jpg"
    ]
  },
  {
    "shade_number": "497",
    "color_name": "Baby Girl",
    "hex": "#B2738D",
    "rgb": [
      178,
      115,
      141
    ],
    "images": [
      "dnd_duo_data/497_Baby_Girl/1.jpg"
    ]
  },
  {
    "shade_number": "815",
    "color_name": "Tropicana Daze",
    "hex": "#B71E65",
    "rgb": [
      183,
      30,
      101
    ],
    "images": [
      "dnd_duo_data/815_Tropicana_Daze/1.jpg"
    ]
  },
  {
    "shade_number": "737",
    "color_name": "Crushed Grape",
    "hex": "#4E3C8A",
    "rgb": [
      78,
      60,
      138
    ],
    "images": [
      "dnd_duo_data/737_Crushed_Grape/1.jpg"
    ]
  },
  {
    "shade_number": "635",
    "color_name": "Burgundy Mist",
    "hex": "#9F5058",
    "rgb": [
      159,
      80,
      88
    ],
    "images": [
      "dnd_duo_data/635_Burgundy_Mist/1.jpg"
    ]
  },
  {
    "shade_number": "802",
    "color_name": "Honeymoon",
    "hex": "#EEAC92",
    "rgb": [
      238,
      172,
      146
    ],
    "images": [
      "dnd_duo_data/802_Honeymoon/1.jpg"
    ]
  },
  {
    "shade_number": "809",
    "color_name": "Soulflower",
    "hex": "#DA78A1",
    "rgb": [
      218,
      120,
      161
    ],
    "images": [
      "dnd_duo_data/809_Soulflower/1.jpg"
    ]
  },
  {
    "shade_number": "759",
    "color_name": "Lava",
    "hex": "#F95E53",
    "rgb": [
      249,
      94,
      83
    ],
    "images": [
      "dnd_duo_data/759_Lava/1.jpg"
    ]
  },
  {
    "shade_number": "578",
    "color_name": "Crayola Pink",
    "hex": "#FD8CBA",
    "rgb": [
      253,
      140,
      186
    ],
    "images": [
      "dnd_duo_data/578_Crayola_Pink/1.jpg"
    ]
  },
  {
    "shade_number": "437",
    "color_name": "Blue De France",
    "hex": "#4385BD",
    "rgb": [
      67,
      133,
      189
    ],
    "images": [
      "dnd_duo_data/437_Blue_De_France/1.jpg"
    ]
  },
  {
    "shade_number": "765",
    "color_name": "Iceland",
    "hex": "#3E4A4E",
    "rgb": [
      62,
      74,
      78
    ],
    "images": [
      "dnd_duo_data/765_Iceland/1.jpg"
    ]
  },
  {
    "shade_number": "420",
    "color_name": "Bright Maroon",
    "hex": "#CB4591",
    "rgb": [
      203,
      69,
      145
    ],
    "images": [
      "dnd_duo_data/420_Bright_Maroon/1.jpg"
    ]
  },
  {
    "shade_number": "712",
    "color_name": "Ruth",
    "hex": "#F56462",
    "rgb": [
      245,
      100,
      98
    ],
    "images": [
      "dnd_duo_data/712_Ruth/1.jpg"
    ]
  },
  {
    "shade_number": "722",
    "color_name": "Strawberry Cheesecake",
    "hex": "#FA9EAE",
    "rgb": [
      250,
      158,
      174
    ],
    "images": [
      "dnd_duo_data/722_Strawberry_Cheesecake/1.jpg"
    ]
  },
  {
    "shade_number": "793",
    "color_name": "Seaside",
    "hex": "#509DC7",
    "rgb": [
      80,
      157,
      199
    ],
    "images": [
      "dnd_duo_data/793_Seaside/1.jpg"
    ]
  },
  {
    "shade_number": "786",
    "color_name": "Sour Apple",
    "hex": "#B4E6AA",
    "rgb": [
      180,
      230,
      170
    ],
    "images": [
      "dnd_duo_data/786_Sour_Apple/1.jpg"
    ]
  },
  {
    "shade_number": "459",
    "color_name": "Muted Berry",
    "hex": "#746777",
    "rgb": [
      116,
      103,
      119
    ],
    "images": [
      "dnd_duo_data/459_Muted_Berry/1.jpg"
    ]
  },
  {
    "shade_number": "808",
    "color_name": "Glowing Daisy",
    "hex": "#E59AC4",
    "rgb": [
      229,
      154,
      196
    ],
    "images": [
      "dnd_duo_data/808_Glowing_Daisy/1.jpg"
    ]
  },
  {
    "shade_number": "673",
    "color_name": "Summer Sky",
    "hex": "#9AD9ED",
    "rgb": [
      154,
      217,
      237
    ],
    "images": [
      "dnd_duo_data/673_Summer_Sky/1.jpg"
    ]
  },
  {
    "shade_number": "727",
    "color_name": "Pixie",
    "hex": "#EEBFDE",
    "rgb": [
      238,
      191,
      222
    ],
    "images": [
      "dnd_duo_data/727_Pixie/1.jpg"
    ]
  },
  {
    "shade_number": "654",
    "color_name": "Pumpkin Spice",
    "hex": "#FBB87C",
    "rgb": [
      251,
      184,
      124
    ],
    "images": [
      "dnd_duo_data/654_Pumpkin_Spice/1.jpg"
    ]
  },
  {
    "shade_number": "444",
    "color_name": "Short \"N\" Sweet",
    "hex": "#D7C0C5",
    "rgb": [
      215,
      192,
      197
    ],
    "images": [
      "dnd_duo_data/444_Short_\"N\"_Sweet/1.jpg"
    ]
  },
  {
    "shade_number": "803",
    "color_name": "Tangerine Dream",
    "hex": "#FBB352",
    "rgb": [
      251,
      179,
      82
    ],
    "images": [
      "dnd_duo_data/803_Tangerine_Dream/1.jpg"
    ]
  },
  {
    "shade_number": "528",
    "color_name": "Blue Island",
    "hex": "#84ADB8",
    "rgb": [
      132,
      173,
      184
    ],
    "images": [
      "dnd_duo_data/528_Blue_Island/1.jpg"
    ]
  },
  {
    "shade_number": "799",
    "color_name": "Queen of Hearts",
    "hex": "#D85D5E",
    "rgb": [
      216,
      93,
      94
    ],
    "images": [
      "dnd_duo_data/799_Queen_of_Hearts/1.jpg"
    ]
  },
  {
    "shade_number": "735",
    "color_name": "Cosmopolitan",
    "hex": "#348878",
    "rgb": [
      52,
      136,
      120
    ],
    "images": [
      "dnd_duo_data/735_Cosmopolitan/1.jpg"
    ]
  },
  {
    "shade_number": "743",
    "color_name": "Mike Ike",
    "hex": "#76E597",
    "rgb": [
      118,
      229,
      151
    ],
    "images": [
      "dnd_duo_data/743_Mike_Ike/1.jpg"
    ]
  },
  {
    "shade_number": "716",
    "color_name": "Peach",
    "hex": "#B32B39",
    "rgb": [
      179,
      43,
      57
    ],
    "images": [
      "dnd_duo_data/716_Peach/1.jpg"
    ]
  },
  {
    "shade_number": "683",
    "color_name": "Cinder Shoes",
    "hex": "#F997C0",
    "rgb": [
      249,
      151,
      192
    ],
    "images": [
      "dnd_duo_data/683_Cinder_Shoes/1.jpg"
    ]
  },
  {
    "shade_number": "797",
    "color_name": "Pebble Cloud",
    "hex": "#B7A5D7",
    "rgb": [
      183,
      165,
      215
    ],
    "images": [
      "dnd_duo_data/797_Pebble_Cloud/1.jpg"
    ]
  },
  {
    "shade_number": "796",
    "color_name": "Roll the Dice",
    "hex": "#8A95DA",
    "rgb": [
      138,
      149,
      218
    ],
    "images": [
      "dnd_duo_data/796_Roll_the_Dice/1.jpg"
    ]
  },
  {
    "shade_number": "527",
    "color_name": "Night Sky",
    "hex": "#4B4B4E",
    "rgb": [
      75,
      75,
      78
    ],
    "images": [
      "dnd_duo_data/527_Night_Sky/1.jpg"
    ]
  },
  {
    "shade_number": "762",
    "color_name": "Midnight Sapphire",
    "hex": "#3B5DB9",
    "rgb": [
      59,
      93,
      185
    ],
    "images": [
      "dnd_duo_data/762_Midnight_Sapphire/1.jpg"
    ]
  },
  {
    "shade_number": "758",
    "color_name": "Electric Night",
    "hex": "#F65068",
    "rgb": [
      246,
      80,
      104
    ],
    "images": [
      "dnd_duo_data/758_Electric_Night/1.jpg"
    ]
  },
  {
    "shade_number": "663",
    "color_name": "Lavender Pop",
    "hex": "#EDADEB",
    "rgb": [
      237,
      173,
      235
    ],
    "images": [
      "dnd_duo_data/663_Lavender_Pop/1.jpg"
    ]
  },
  {
    "shade_number": "752",
    "color_name": "Winter Wine",
    "hex": "#A3434F",
    "rgb": [
      163,
      67,
      79
    ],
    "images": [
      "dnd_duo_data/752_Winter_Wine/1.jpg"
    ]
  },
  {
    "shade_number": "724",
    "color_name": "Jiggles",
    "hex": "#FAA5A3",
    "rgb": [
      250,
      165,
      163
    ],
    "images": [
      "dnd_duo_data/724_Jiggles/1.jpg"
    ]
  },
  {
    "shade_number": "460",
    "color_name": "Deep Mystery",
    "hex": "#394F4C",
    "rgb": [
      57,
      79,
      76
    ],
    "images": [
      "dnd_duo_data/460_Deep_Mystery/1.jpg"
    ]
  },
  {
    "shade_number": "715",
    "color_name": "Island Punch",
    "hex": "#F45554",
    "rgb": [
      244,
      85,
      84
    ],
    "images": [
      "dnd_duo_data/715_Island_Punch/1.jpg"
    ]
  },
  {
    "shade_number": "424",
    "color_name": "Lemon Juice",
    "hex": "#E5F644",
    "rgb": [
      229,
      246,
      68
    ],
    "images": [
      "dnd_duo_data/424_Lemon_Juice/1.jpg"
    ]
  },
  {
    "shade_number": "810",
    "color_name": "Sunkissed",
    "hex": "#B25256",
    "rgb": [
      178,
      82,
      86
    ],
    "images": [
      "dnd_duo_data/810_Sunkissed/1.jpg"
    ]
  },
  {
    "shade_number": "502",
    "color_name": "Soft Orange",
    "hex": "#FBAE88",
    "rgb": [
      251,
      174,
      136
    ],
    "images": [
      "dnd_duo_data/502_Soft_Orange/1.jpg"
    ]
  },
  {
    "shade_number": "628",
    "color_name": "Dark Rosewood",
    "hex": "#6D5D57",
    "rgb": [
      109,
      93,
      87
    ],
    "images": [
      "dnd_duo_data/628_Dark_Rosewood/1.jpg"
    ]
  },
  {
    "shade_number": "455",
    "color_name": "Plum Passion",
    "hex": "#8F6588",
    "rgb": [
      143,
      101,
      136
    ],
    "images": [
      "dnd_duo_data/455_Plum_Passion/1.jpg"
    ]
  },
  {
    "shade_number": "790",
    "color_name": "Divine Green",
    "hex": "#519669",
    "rgb": [
      81,
      150,
      105
    ],
    "images": [
      "dnd_duo_data/790_Divine_Green/1.jpg"
    ]
  },
  {
    "shade_number": "431",
    "color_name": "Raspberry",
    "hex": "#C43C3C",
    "rgb": [
      196,
      60,
      60
    ],
    "images": [
      "dnd_duo_data/431_Raspberry/1.jpg"
    ]
  },
  {
    "shade_number": "490",
    "color_name": "Redwood City",
    "hex": "#C08F8E",
    "rgb": [
      192,
      143,
      142
    ],
    "images": [
      "dnd_duo_data/490_Redwood_City/1.jpg"
    ]
  },
  {
    "shade_number": "530",
    "color_name": "Blue Lake",
    "hex": "#A9CDE9",
    "rgb": [
      169,
      205,
      233
    ],
    "images": [
      "dnd_duo_data/530_Blue_Lake/1.jpg"
    ]
  },
  {
    "shade_number": "432",
    "color_name": "Dark Scarlet",
    "hex": "#B3506A",
    "rgb": [
      179,
      80,
      106
    ],
    "images": [
      "dnd_duo_data/432_Dark_Scarlet/1.jpg"
    ]
  },
  {
    "shade_number": "766",
    "color_name": "Mistletoe Mania",
    "hex": "#426860",
    "rgb": [
      66,
      104,
      96
    ],
    "images": [
      "dnd_duo_data/766_Mistletoe_Mania/1.jpg"
    ]
  },
  {
    "shade_number": "456",
    "color_name": "Cherry Berry",
    "hex": "#9C546E",
    "rgb": [
      156,
      84,
      110
    ],
    "images": [
      "dnd_duo_data/456_Cherry_Berry/1.jpg"
    ]
  },
  {
    "shade_number": "817",
    "color_name": "Circus Chic",
    "hex": "#EB6A83",
    "rgb": [
      235,
      106,
      131
    ],
    "images": [
      "dnd_duo_data/817_Circus_Chic/1.jpg"
    ]
  },
  {
    "shade_number": "728",
    "color_name": "Purple Rain",
    "hex": "#F1C1D8",
    "rgb": [
      241,
      193,
      216
    ],
    "images": [
      "dnd_duo_data/728_Purple_Rain/1.jpg"
    ]
  },
  {
    "shade_number": "816",
    "color_name": "Snowcone",
    "hex": "#D5608A",
    "rgb": [
      213,
      96,
      138
    ],
    "images": [
      "dnd_duo_data/816_Snowcone/1.jpg"
    ]
  },
  {
    "shade_number": "478",
    "color_name": "Spiced Berry",
    "hex": "#704751",
    "rgb": [
      112,
      71,
      81
    ],
    "images": [
      "dnd_duo_data/478_Spiced_Berry/1.jpg"
    ]
  },
  {
    "shade_number": "630",
    "color_name": "Boysenberry",
    "hex": "#7F4D65",
    "rgb": [
      127,
      77,
      101
    ],
    "images": [
      "dnd_duo_data/630_Boysenberry/1.jpg"
    ]
  },
  {
    "shade_number": "603",
    "color_name": "Dolce Pink",
    "hex": "#EEDDE0",
    "rgb": [
      238,
      221,
      224
    ],
    "images": [
      "dnd_duo_data/603_Dolce_Pink/1.jpg"
    ]
  },
  {
    "shade_number": "453",
    "color_name": "Plum Wine",
    "hex": "#877A87",
    "rgb": [
      135,
      122,
      135
    ],
    "images": [
      "dnd_duo_data/453_Plum_Wine/1.jpg"
    ]
  },
  {
    "shade_number": "780",
    "color_name": "Champagne Winter",
    "hex": "#CCB598",
    "rgb": [
      204,
      181,
      152
    ],
    "images": [
      "dnd_duo_data/780_Champagne_Winter/1.jpg"
    ]
  },
  {
    "shade_number": "764",
    "color_name": "Indigo Wishes",
    "hex": "#414A76",
    "rgb": [
      65,
      74,
      118
    ],
    "images": [
      "dnd_duo_data/764_Indigo_Wishes/1.jpg"
    ]
  },
  {
    "shade_number": "644",
    "color_name": "Pinkie Promise",
    "hex": "#F7A8D3",
    "rgb": [
      247,
      168,
      211
    ],
    "images": [
      "dnd_duo_data/644_Pinkie_Promise/1.jpg"
    ]
  },
  {
    "shade_number": "746",
    "color_name": "Buttered Corn",
    "hex": "#F8CD4D",
    "rgb": [
      248,
      205,
      77
    ],
    "images": [
      "dnd_duo_data/746_Buttered_Corn/1.jpg"
    ]
  },
  {
    "shade_number": "479",
    "color_name": "Queen of Grape",
    "hex": "#69465D",
    "rgb": [
      105,
      70,
      93
    ],
    "images": [
      "dnd_duo_data/479_Queen_of_Grape/1.jpg"
    ]
  },
  {
    "shade_number": "489",
    "color_name": "Antique Purple",
    "hex": "#B094A5",
    "rgb": [
      176,
      148,
      165
    ],
    "images": [
      "dnd_duo_data/489_Antique_Purple/1.jpg"
    ]
  },
  {
    "shade_number": "804",
    "color_name": "Let's Tango",
    "hex": "#FB9875",
    "rgb": [
      251,
      152,
      117
    ],
    "images": [
      "dnd_duo_data/804_Let's_Tango/1.jpg"
    ]
  },
  {
    "shade_number": "613",
    "color_name": "Cinnamon Whip",
    "hex": "#EACAC4",
    "rgb": [
      234,
      202,
      196
    ],
    "images": [
      "dnd_duo_data/613_Cinnamon_Whip/1.jpg"
    ]
  },
  {
    "shade_number": "428",
    "color_name": "Rosewood",
    "hex": "#6C6179",
    "rgb": [
      108,
      97,
      121
    ],
    "images": [
      "dnd_duo_data/428_Rosewood/1.jpg"
    ]
  },
  {
    "shade_number": "744",
    "color_name": "Caramel Corn",
    "hex": "#F1EA83",
    "rgb": [
      241,
      234,
      131
    ],
    "images": [
      "dnd_duo_data/744_Caramel_Corn/1.jpg"
    ]
  },
  {
    "shade_number": "733",
    "color_name": "Heartbreak",
    "hex": "#37509B",
    "rgb": [
      55,
      80,
      155
    ],
    "images": [
      "dnd_duo_data/733_Heartbreak/1.jpg"
    ]
  },
  {
    "shade_number": "659",
    "color_name": "Majestic Violet",
    "hex": "#D6509F",
    "rgb": [
      214,
      80,
      159
    ],
    "images": [
      "dnd_duo_data/659_Majestic_Violet/1.jpg"
    ]
  },
  {
    "shade_number": "599",
    "color_name": "Sunset Fog",
    "hex": "#F9D1DA",
    "rgb": [
      249,
      209,
      218
    ],
    "images": [
      "dnd_duo_data/599_Sunset_Fog/1.jpg"
    ]
  },
  {
    "shade_number": "711",
    "color_name": "Kandy",
    "hex": "#F05897",
    "rgb": [
      240,
      88,
      151
    ],
    "images": [
      "dnd_duo_data/711_Kandy/1.jpg"
    ]
  },
  {
    "shade_number": "482",
    "color_name": "Charming Cherry",
    "hex": "#E47796",
    "rgb": [
      228,
      119,
      150
    ],
    "images": [
      "dnd_duo_data/482_Charming_Cherry/1.jpg"
    ]
  },
  {
    "shade_number": "779",
    "color_name": "Snow Way!",
    "hex": "#9AA2B1",
    "rgb": [
      154,
      162,
      177
    ],
    "images": [
      "dnd_duo_data/779_Snow_Way!/1.jpg"
    ]
  },
  {
    "shade_number": "545",
    "color_name": "Peachy Orange",
    "hex": "#FA8B7F",
    "rgb": [
      250,
      139,
      127
    ],
    "images": [
      "dnd_duo_data/545_Peachy_Orange/1.jpg"
    ]
  },
  {
    "shade_number": "547",
    "color_name": "Niagara Falls",
    "hex": "#D4D4D4",
    "rgb": [
      212,
      212,
      212
    ],
    "images": [
      "dnd_duo_data/547_Niagara_Falls/1.jpg"
    ]
  },
  {
    "shade_number": "782",
    "color_name": "Feelin' Frosty",
    "hex": "#3D679E",
    "rgb": [
      61,
      103,
      158
    ],
    "images": [
      "dnd_duo_data/782_Feelin'_Frosty/1.jpg"
    ]
  },
  {
    "shade_number": "798",
    "color_name": "Twister",
    "hex": "#CC7AB0",
    "rgb": [
      204,
      122,
      176
    ],
    "images": [
      "dnd_duo_data/798_Twister/1.jpg"
    ]
  },
  {
    "shade_number": "621",
    "color_name": "French Vanilla",
    "hex": "#E8CAC0",
    "rgb": [
      232,
      202,
      192
    ],
    "images": [
      "dnd_duo_data/621_French_Vanilla/1.jpg"
    ]
  },
  {
    "shade_number": "602",
    "color_name": "Elegant Pink",
    "hex": "#AFA2A4",
    "rgb": [
      175,
      162,
      164
    ],
    "images": [
      "dnd_duo_data/602_Elegant_Pink/1.jpg"
    ]
  },
  {
    "shade_number": "570",
    "color_name": "Blue Hill",
    "hex": "#82D0E1",
    "rgb": [
      130,
      208,
      225
    ],
    "images": [
      "dnd_duo_data/570_Blue_Hill/1.jpg"
    ]
  },
  {
    "shade_number": "546",
    "color_name": "Golden Gardens",
    "hex": "#C3A771",
    "rgb": [
      195,
      167,
      113
    ],
    "images": [
      "dnd_duo_data/546_Golden_Gardens/1.jpg"
    ]
  },
  {
    "shade_number": "742",
    "color_name": "Minty Mint",
    "hex": "#54AA8F",
    "rgb": [
      84,
      170,
      143
    ],
    "images": [
      "dnd_duo_data/742_Minty_Mint/1.jpg"
    ]
  },
  {
    "shade_number": "626",
    "color_name": "Brighten Stars",
    "hex": "#C5C7C6",
    "rgb": [
      197,
      199,
      198
    ],
    "images": [
      "dnd_duo_data/626_Brighten_Stars/1.jpg"
    ]
  },
  {
    "shade_number": "720",
    "color_name": "Gumball",
    "hex": "#F884AE",
    "rgb": [
      248,
      132,
      174
    ],
    "images": [
      "dnd_duo_data/720_Gumball/1.jpg"
    ]
  },
  {
    "shade_number": "653",
    "color_name": "Spring Fling",
    "hex": "#FEADA2",
    "rgb": [
      254,
      173,
      162
    ],
    "images": [
      "dnd_duo_data/653_Spring_Fling/1.jpg"
    ]
  },
  {
    "shade_number": "709",
    "color_name": "Georgia Peach",
    "hex": "#E0B7B5",
    "rgb": [
      224,
      183,
      181
    ],
    "images": [
      "dnd_duo_data/709_Georgia_Peach/1.jpg"
    ]
  },
  {
    "shade_number": "668",
    "color_name": "Sweet Pistachia",
    "hex": "#88C6B0",
    "rgb": [
      136,
      198,
      176
    ],
    "images": [
      "dnd_duo_data/668_Sweet_Pistachia/1.jpg"
    ]
  },
  {
    "shade_number": "806",
    "color_name": "Pink Matter",
    "hex": "#F0A7B0",
    "rgb": [
      240,
      167,
      176
    ],
    "images": [
      "dnd_duo_data/806_Pink_Matter/1.jpg"
    ]
  },
  {
    "shade_number": "738",
    "color_name": "Lollie",
    "hex": "#6D6084",
    "rgb": [
      109,
      96,
      132
    ],
    "images": [
      "dnd_duo_data/738_Lollie/1.jpg"
    ]
  },
  {
    "shade_number": "471",
    "color_name": "Emerald Stone",
    "hex": "#6A9BA4",
    "rgb": [
      106,
      155,
      164
    ],
    "images": [
      "dnd_duo_data/471_Emerald_Stone/1.jpg"
    ]
  },
  {
    "shade_number": "605",
    "color_name": "Dovetail",
    "hex": "#D3B7C4",
    "rgb": [
      211,
      183,
      196
    ],
    "images": [
      "dnd_duo_data/605_Dovetail/1.jpg"
    ]
  },
  {
    "shade_number": "496",
    "color_name": "Bellet Slipper",
    "hex": "#ECB6CD",
    "rgb": [
      236,
      182,
      205
    ],
    "images": [
      "dnd_duo_data/496_Bellet_Slipper/1.jpg"
    ]
  },
  {
    "shade_number": "805",
    "color_name": "Peaches n Cream",
    "hex": "#FA9580",
    "rgb": [
      250,
      149,
      128
    ],
    "images": [
      "dnd_duo_data/805_Peaches_n_Cream/1.jpg"
    ]
  },
  {
    "shade_number": "761",
    "color_name": "Blue Mist",
    "hex": "#3B3BAC",
    "rgb": [
      59,
      59,
      172
    ],
    "images": [
      "dnd_duo_data/761_Blue_Mist/1.jpg"
    ]
  },
  {
    "shade_number": "736",
    "color_name": "Watermelon",
    "hex": "#39AA97",
    "rgb": [
      57,
      170,
      151
    ],
    "images": [
      "dnd_duo_data/736_Watermelon/1.jpg"
    ]
  },
  {
    "shade_number": "789",
    "color_name": "Super-bounce",
    "hex": "#51A659",
    "rgb": [
      81,
      166,
      89
    ],
    "images": [
      "dnd_duo_data/789_Super-bounce/1.jpg"
    ]
  },
  {
    "shade_number": "604",
    "color_name": "Cool Gray",
    "hex": "#D4C5C0",
    "rgb": [
      212,
      197,
      192
    ],
    "images": [
      "dnd_duo_data/604_Cool_Gray/1.jpg"
    ]
  },
  {
    "shade_number": "581",
    "color_name": "Grape Jelly",
    "hex": "#7F65A4",
    "rgb": [
      127,
      101,
      164
    ],
    "images": [
      "dnd_duo_data/581_Grape_Jelly/1.jpg"
    ]
  },
  {
    "shade_number": "730",
    "color_name": "Mixed Berries",
    "hex": "#4F4471",
    "rgb": [
      79,
      68,
      113
    ],
    "images": [
      "dnd_duo_data/730_Mixed_Berries/1.jpg"
    ]
  },
  {
    "shade_number": "725",
    "color_name": "Sugar Crush",
    "hex": "#F3C1B8",
    "rgb": [
      243,
      193,
      184
    ],
    "images": [
      "dnd_duo_data/725_Sugar_Crush/1.jpg"
    ]
  },
  {
    "shade_number": "503",
    "color_name": "Orange Smoothie",
    "hex": "#FFA28C",
    "rgb": [
      255,
      162,
      140
    ],
    "images": [
      "dnd_duo_data/503_Orange_Smoothie/1.jpg"
    ]
  },
  {
    "shade_number": "770",
    "color_name": "Holy Berry",
    "hex": "#6A4044",
    "rgb": [
      106,
      64,
      68
    ],
    "images": [
      "dnd_duo_data/770_Holy_Berry/1.jpg"
    ]
  },
  {
    "shade_number": "506",
    "color_name": "Summer Sun",
    "hex": "#F9D147",
    "rgb": [
      249,
      209,
      71
    ],
    "images": [
      "dnd_duo_data/506_Summer_Sun/1.jpg"
    ]
  },
  {
    "shade_number": "402",
    "color_name": "Firework Star",
    "hex": "#9E585E",
    "rgb": [
      158,
      88,
      94
    ],
    "images": [
      "dnd_duo_data/402_Firework_Star/1.jpg"
    ]
  },
  {
    "shade_number": "565",
    "color_name": "Sunset Crater",
    "hex": "#D475A0",
    "rgb": [
      212,
      117,
      160
    ],
    "images": [
      "dnd_duo_data/565_Sunset_Crater/1.jpg"
    ]
  },
  {
    "shade_number": "813",
    "color_name": "Sour Adventure",
    "hex": "#E96E85",
    "rgb": [
      233,
      110,
      133
    ],
    "images": [
      "dnd_duo_data/813_Sour_Adventure/1.jpg"
    ]
  },
  {
    "shade_number": "541",
    "color_name": "Euro Fuchsia",
    "hex": "#E46AA7",
    "rgb": [
      228,
      106,
      167
    ],
    "images": [
      "dnd_duo_data/541_Euro_Fuchsia/1.jpg"
    ]
  },
  {
    "shade_number": "812",
    "color_name": "Sweet Tooth",
    "hex": "#F67E91",
    "rgb": [
      246,
      126,
      145
    ],
    "images": [
      "dnd_duo_data/812_Sweet_Tooth/1.jpg"
    ]
  },
  {
    "shade_number": "649",
    "color_name": "Orange Creamsicle",
    "hex": "#EC5766",
    "rgb": [
      236,
      87,
      102
    ],
    "images": [
      "dnd_duo_data/649_Orange_Creamsicle/1.jpg"
    ]
  },
  {
    "shade_number": "679",
    "color_name": "Pink Mermaid",
    "hex": "#E47FCB",
    "rgb": [
      228,
      127,
      203
    ],
    "images": [
      "dnd_duo_data/679_Pink_Mermaid/1.jpg"
    ]
  },
  {
    "shade_number": "760",
    "color_name": "Russet Orange",
    "hex": "#FC804A",
    "rgb": [
      252,
      128,
      74
    ],
    "images": [
      "dnd_duo_data/760_Russet_Orange/1.jpg"
    ]
  },
  {
    "shade_number": "776",
    "color_name": "Ice Ice Baby",
    "hex": "#E3E3E9",
    "rgb": [
      227,
      227,
      233
    ],
    "images": [
      "dnd_duo_data/776_Ice_Ice_Baby/1.jpg"
    ]
  },
  {
    "shade_number": "783",
    "color_name": "Melty Sunshine",
    "hex": "#EDEE51",
    "rgb": [
      237,
      238,
      81
    ],
    "images": [
      "dnd_duo_data/783_Melty_Sunshine/1.jpg"
    ]
  },
  {
    "shade_number": "401",
    "color_name": "Golden Sahara Star",
    "hex": "#C2A991",
    "rgb": [
      194,
      169,
      145
    ],
    "images": [
      "dnd_duo_data/401_Golden_Sahara_Star/1.jpg"
    ]
  },
  {
    "shade_number": "474",
    "color_name": "Striking Red",
    "hex": "#E45257",
    "rgb": [
      228,
      82,
      87
    ],
    "images": [
      "dnd_duo_data/474_Striking_Red/1.jpg"
    ]
  },
  {
    "shade_number": "791",
    "color_name": "Teal-in Fine",
    "hex": "#529C97",
    "rgb": [
      82,
      156,
      151
    ],
    "images": [
      "dnd_duo_data/791_Teal-in_Fine/1.jpg"
    ]
  },
  {
    "shade_number": "458",
    "color_name": "Fresh Eggplant",
    "hex": "#5D4F69",
    "rgb": [
      93,
      79,
      105
    ],
    "images": [
      "dnd_duo_data/458_Fresh_Eggplant/1.jpg"
    ]
  },
  {
    "shade_number": "433",
    "color_name": "Pool Party",
    "hex": "#4385BD",
    "rgb": [
      67,
      133,
      189
    ],
    "images": [
      "dnd_duo_data/433_Pool_Party/1.jpg"
    ]
  },
  {
    "shade_number": "732",
    "color_name": "Joy",
    "hex": "#98417C",
    "rgb": [
      152,
      65,
      124
    ],
    "images": [
      "dnd_duo_data/732_Joy/1.jpg"
    ]
  },
  {
    "shade_number": "814",
    "color_name": "Speed Dial",
    "hex": "#BD2F5D",
    "rgb": [
      189,
      47,
      93
    ],
    "images": [
      "dnd_duo_data/814_Speed_Dial/1.jpg"
    ]
  },
  {
    "shade_number": "648",
    "color_name": "Strawberry Bubble",
    "hex": "#EF8DB1",
    "rgb": [
      239,
      141,
      177
    ],
    "images": [
      "dnd_duo_data/648_Strawberry_Bubble/1.jpg"
    ]
  },
  {
    "shade_number": "818",
    "color_name": "Popsicle",
    "hex": "#F17258",
    "rgb": [
      241,
      114,
      88
    ],
    "images": [
      "dnd_duo_data/818_Popsicle/1.jpg"
    ]
  },
  {
    "shade_number": "638",
    "color_name": "Red Mars",
    "hex": "#EC566B",
    "rgb": [
      236,
      86,
      107
    ],
    "images": [
      "dnd_duo_data/638_Red_Mars/1.jpg"
    ]
  },
  {
    "shade_number": "592",
    "color_name": "Italian Pink",
    "hex": "#E7B0C3",
    "rgb": [
      231,
      176,
      195
    ],
    "images": [
      "dnd_duo_data/592_Italian_Pink/1.jpg"
    ]
  },
  {
    "shade_number": "651",
    "color_name": "Punch Marshmallow",
    "hex": "#EC7191",
    "rgb": [
      236,
      113,
      145
    ],
    "images": [
      "dnd_duo_data/651_Punch_Marshmallow/1.jpg"
    ]
  },
  {
    "shade_number": "559",
    "color_name": "Teenage Dream",
    "hex": "#EA62A5",
    "rgb": [
      234,
      98,
      165
    ],
    "images": [
      "dnd_duo_data/559_Teenage_Dream/1.jpg"
    ]
  },
  {
    "shade_number": "425",
    "color_name": "Terra Cotta",
    "hex": "#FB4647",
    "rgb": [
      251,
      70,
      71
    ],
    "images": [
      "dnd_duo_data/425_Terra_Cotta/1.jpg"
    ]
  },
  {
    "shade_number": "721",
    "color_name": "Princess Cupcake",
    "hex": "#FA90AE",
    "rgb": [
      250,
      144,
      174
    ],
    "images": [
      "dnd_duo_data/721_Princess_Cupcake/1.jpg"
    ]
  },
  {
    "shade_number": "662",
    "color_name": "Kazoo Purple",
    "hex": "#B7A5D7",
    "rgb": [
      183,
      165,
      215
    ],
    "images": [
      "dnd_duo_data/662_Kazoo_Purple/1.jpg"
    ]
  },
  {
    "shade_number": "658",
    "color_name": "Basic Plum",
    "hex": "#BD5F80",
    "rgb": [
      189,
      95,
      128
    ],
    "images": [
      "dnd_duo_data/658_Basic_Plum/1.jpg"
    ]
  },
  {
    "shade_number": "445",
    "color_name": "Melting Violet",
    "hex": "#8E858B",
    "rgb": [
      142,
      133,
      139
    ],
    "images": [
      "dnd_duo_data/445_Melting_Violet/1.jpg"
    ]
  },
  {
    "shade_number": "526",
    "color_name": "Sea By Night",
    "hex": "#454C56",
    "rgb": [
      69,
      76,
      86
    ],
    "images": [
      "dnd_duo_data/526_Sea_By_Night/1.jpg"
    ]
  },
  {
    "shade_number": "477",
    "color_name": "Red Stone",
    "hex": "#87495E",
    "rgb": [
      135,
      73,
      94
    ],
    "images": [
      "dnd_duo_data/477_Red_Stone/1.jpg"
    ]
  },
  {
    "shade_number": "698",
    "color_name": "Amethyst Sparkles",
    "hex": "#7D5565",
    "rgb": [
      125,
      85,
      101
    ],
    "images": [
      "dnd_duo_data/698_Amethyst_Sparkles/1.jpg"
    ]
  },
  {
    "shade_number": "567",
    "color_name": "Grand Canyon",
    "hex": "#AE5539",
    "rgb": [
      174,
      85,
      57
    ],
    "images": [
      "dnd_duo_data/567_Grand_Canyon/1.jpg"
    ]
  },
  {
    "shade_number": "582",
    "color_name": "Emerald Quartz",
    "hex": "#0F3F27",
    "rgb": [
      15,
      63,
      39
    ],
    "images": [
      "dnd_duo_data/582_Emerald_Quartz/1.jpg"
    ]
  },
  {
    "shade_number": "417",
    "color_name": "Pinky Kinky",
    "hex": "#EB67AA",
    "rgb": [
      235,
      103,
      170
    ],
    "images": [
      "dnd_duo_data/417_Pinky_Kinky/1.jpg"
    ]
  },
  {
    "shade_number": "773",
    "color_name": "Holiday Pomegranate",
    "hex": "#9A4C5E",
    "rgb": [
      154,
      76,
      94
    ],
    "images": [
      "dnd_duo_data/773_Holiday_Pomegranate/1.jpg"
    ]
  },
  {
    "shade_number": "645",
    "color_name": "Pink Watermelon",
    "hex": "#EF9CBB",
    "rgb": [
      239,
      156,
      187
    ],
    "images": [
      "dnd_duo_data/645_Pink_Watermelon/1.jpg"
    ]
  },
  {
    "shade_number": "674",
    "color_name": "Purple Scorpio",
    "hex": "#594954",
    "rgb": [
      89,
      73,
      84
    ],
    "images": [
      "dnd_duo_data/674_Purple_Scorpio/1.jpg"
    ]
  },
  {
    "shade_number": "488",
    "color_name": "Season Beige",
    "hex": "#E2C2BC",
    "rgb": [
      226,
      194,
      188
    ],
    "images": [
      "dnd_duo_data/488_Season_Beige/1.jpg"
    ]
  },
  {
    "shade_number": "801",
    "color_name": "Blossom",
    "hex": "#DA6971",
    "rgb": [
      218,
      105,
      113
    ],
    "images": [
      "dnd_duo_data/801_Blossom/1.jpg"
    ]
  },
  {
    "shade_number": "421",
    "color_name": "Rose Petal Pink",
    "hex": "#EFA6C6",
    "rgb": [
      239,
      166,
      198
    ],
    "images": [
      "dnd_duo_data/421_Rose_Petal_Pink/1.jpg"
    ]
  },
  {
    "shade_number": "507",
    "color_name": "Neon Purple",
    "hex": "#9B578E",
    "rgb": [
      155,
      87,
      142
    ],
    "images": [
      "dnd_duo_data/507_Neon_Purple/1.jpg"
    ]
  },
  {
    "shade_number": "556",
    "color_name": "Coral Reef",
    "hex": "#EE8487",
    "rgb": [
      238,
      132,
      135
    ],
    "images": [
      "dnd_duo_data/556_Coral_Reef/1.jpg"
    ]
  },
  {
    "shade_number": "667",
    "color_name": "Mint Tint",
    "hex": "#9DDACD",
    "rgb": [
      157,
      218,
      205
    ],
    "images": [
      "dnd_duo_data/667_Mint_Tint/1.jpg"
    ]
  },
  {
    "shade_number": "718",
    "color_name": "Pink Grapefruit",
    "hex": "#F0737D",
    "rgb": [
      240,
      115,
      125
    ],
    "images": [
      "dnd_duo_data/718_Pink_Grapefruit/1.jpg"
    ]
  },
  {
    "shade_number": "423",
    "color_name": "Glitter For You",
    "hex": "#D2CDB6",
    "rgb": [
      210,
      205,
      182
    ],
    "images": [
      "dnd_duo_data/423_Glitter_For_You/1.jpg"
    ]
  },
  {
    "shade_number": "634",
    "color_name": "Reddish Purple",
    "hex": "#854A57",
    "rgb": [
      133,
      74,
      87
    ],
    "images": [
      "dnd_duo_data/634_Reddish_Purple/1.jpg"
    ]
  },
  {
    "shade_number": "637",
    "color_name": "Lucky Red",
    "hex": "#DA555C",
    "rgb": [
      218,
      85,
      92
    ],
    "images": [
      "dnd_duo_data/637_Lucky_Red/1.jpg"
    ]
  },
  {
    "shade_number": "446",
    "color_name": "Woodlake",
    "hex": "#A0958A",
    "rgb": [
      160,
      149,
      138
    ],
    "images": [
      "dnd_duo_data/446_Woodlake/1.jpg"
    ]
  },
  {
    "shade_number": "549",
    "color_name": "Rainbow Falls",
    "hex": "#593739",
    "rgb": [
      89,
      55,
      57
    ],
    "images": [
      "dnd_duo_data/549_Rainbow_Falls/1.jpg"
    ]
  },
  {
    "shade_number": "414",
    "color_name": "Summer Hot Pink",
    "hex": "#ED5489",
    "rgb": [
      237,
      84,
      137
    ],
    "images": [
      "dnd_duo_data/414_Summer_Hot_Pink/1.jpg"
    ]
  },
  {
    "shade_number": "723",
    "color_name": "Zippy",
    "hex": "#FAA7AE",
    "rgb": [
      250,
      167,
      174
    ],
    "images": [
      "dnd_duo_data/723_Zippy/1.jpg"
    ]
  },
  {
    "shade_number": "426",
    "color_name": "Pastel Orange",
    "hex": "#C75A3E",
    "rgb": [
      199,
      90,
      62
    ],
    "images": [
      "dnd_duo_data/426_Pastel_Orange/1.jpg"
    ]
  },
  {
    "shade_number": "664",
    "color_name": "Teal Deal",
    "hex": "#419EAD",
    "rgb": [
      65,
      158,
      173
    ],
    "images": [
      "dnd_duo_data/664_Teal_Deal/1.jpg"
    ]
  },
  {
    "shade_number": "483",
    "color_name": "Pink Angel",
    "hex": "#EFBBCF",
    "rgb": [
      239,
      187,
      207
    ],
    "images": [
      "dnd_duo_data/483_Pink_Angel/1.jpg"
    ]
  },
  {
    "shade_number": "440",
    "color_name": "Papaya Whip",
    "hex": "#E8CAC0",
    "rgb": [
      232,
      202,
      192
    ],
    "images": [
      "dnd_duo_data/440_Papaya_Whip/1.jpg"
    ]
  },
  {
    "shade_number": "657",
    "color_name": "Monster Purple",
    "hex": "#7B558E",
    "rgb": [
      123,
      85,
      142
    ],
    "images": [
      "dnd_duo_data/657_Monster_Purple/1.jpg"
    ]
  },
  {
    "shade_number": "564",
    "color_name": "Butterfly World",
    "hex": "#7C6486",
    "rgb": [
      124,
      100,
      134
    ],
    "images": [
      "dnd_duo_data/564_Butterfly_World/1.jpg"
    ]
  },
  {
    "shade_number": "531",
    "color_name": "Fountain Green",
    "hex": "#BCDDC9",
    "rgb": [
      188,
      221,
      201
    ],
    "images": [
      "dnd_duo_data/531_Fountain_Green/1.jpg"
    ]
  },
  {
    "shade_number": "819",
    "color_name": "Guilty Pleasure",
    "hex": "#DE8567",
    "rgb": [
      222,
      133,
      103
    ],
    "images": [
      "dnd_duo_data/819_Guilty_Pleasure/1.jpg"
    ]
  },
  {
    "shade_number": "685",
    "color_name": "Nova Pinky",
    "hex": "#E54878",
    "rgb": [
      229,
      72,
      120
    ],
    "images": [
      "dnd_duo_data/685_Nova_Pinky/1.jpg"
    ]
  },
  {
    "shade_number": "696",
    "color_name": "Carmelized Plum",
    "hex": "#664F4D",
    "rgb": [
      102,
      79,
      77
    ],
    "images": [
      "dnd_duo_data/696_Carmelized_Plum/1.jpg"
    ]
  },
  {
    "shade_number": "768",
    "color_name": "Metallica Plum",
    "hex": "#66474C",
    "rgb": [
      102,
      71,
      76
    ],
    "images": [
      "dnd_duo_data/768_Metallica_Plum/1.jpg"
    ]
  },
  {
    "shade_number": "568",
    "color_name": "Green Forest, AK",
    "hex": "#B3EC8A",
    "rgb": [
      179,
      236,
      138
    ],
    "images": [
      "dnd_duo_data/568_Green_Forest,_AK/1.jpg"
    ]
  },
  {
    "shade_number": "665",
    "color_name": "Pine Green",
    "hex": "#3EA0A6",
    "rgb": [
      62,
      160,
      166
    ],
    "images": [
      "dnd_duo_data/665_Pine_Green/1.jpg"
    ]
  },
  {
    "shade_number": "717",
    "color_name": "Fantasy",
    "hex": "#EF6C85",
    "rgb": [
      239,
      108,
      133
    ],
    "images": [
      "dnd_duo_data/717_Fantasy/1.jpg"
    ]
  },
  {
    "shade_number": "672",
    "color_name": "Midnight Kiss",
    "hex": "#77C9EC",
    "rgb": [
      119,
      201,
      236
    ],
    "images": [
      "dnd_duo_data/672_Midnight_Kiss/1.jpg"
    ]
  },
  {
    "shade_number": "413",
    "color_name": "Flamingo Pink",
    "hex": "#EC5881",
    "rgb": [
      236,
      88,
      129
    ],
    "images": [
      "dnd_duo_data/413_Flamingo_Pink/1.jpg"
    ]
  },
  {
    "shade_number": "532",
    "color_name": "Green Isle",
    "hex": "#6EB688",
    "rgb": [
      110,
      182,
      136
    ],
    "images": [
      "dnd_duo_data/532_Green_Isle/1.jpg"
    ]
  },
  {
    "shade_number": "551",
    "color_name": "Blushing Pink",
    "hex": "#F5C5CE",
    "rgb": [
      245,
      197,
      206
    ],
    "images": [
      "dnd_duo_data/551_Blushing_Pink/1.jpg"
    ]
  },
  {
    "shade_number": "4",
    "color_name": "Season #518",
    "hex": "#AC99A3",
    "rgb": [
      172,
      153,
      163
    ],
    "images": [
      "dnd_duo_data/4_Season_#518/1.jpg"
    ]
  },
  {
    "shade_number": "655",
    "color_name": "Pure Cataloupe",
    "hex": "#F1A79A",
    "rgb": [
      241,
      167,
      154
    ],
    "images": [
      "dnd_duo_data/655_Pure_Cataloupe/1.jpg"
    ]
  },
  {
    "shade_number": "778",
    "color_name": "Bizzy Blizzard",
    "hex": "#969CB2",
    "rgb": [
      150,
      156,
      178
    ],
    "images": [
      "dnd_duo_data/778_Bizzy_Blizzard/1.jpg"
    ]
  },
  {
    "shade_number": "442",
    "color_name": "Silver Star",
    "hex": "#AEAEAE",
    "rgb": [
      174,
      174,
      174
    ],
    "images": [
      "dnd_duo_data/442_Silver_Star/1.jpg"
    ]
  },
  {
    "shade_number": "771",
    "color_name": "Crimson Sunset",
    "hex": "#A84D4F",
    "rgb": [
      168,
      77,
      79
    ],
    "images": [
      "dnd_duo_data/771_Crimson_Sunset/1.jpg"
    ]
  },
  {
    "shade_number": "714",
    "color_name": "Ginger",
    "hex": "#F9534F",
    "rgb": [
      249,
      83,
      79
    ],
    "images": [
      "dnd_duo_data/714_Ginger/1.jpg"
    ]
  },
  {
    "shade_number": "457",
    "color_name": "Violet's Secret",
    "hex": "#69436C",
    "rgb": [
      105,
      67,
      108
    ],
    "images": [
      "dnd_duo_data/457_Violet's_Secret/1.jpg"
    ]
  },
  {
    "shade_number": "411",
    "color_name": "Shooting Star",
    "hex": "#978EA3",
    "rgb": [
      151,
      142,
      163
    ],
    "images": [
      "dnd_duo_data/411_Shooting_Star/1.jpg"
    ]
  },
  {
    "shade_number": "522",
    "color_name": "Pomegranate",
    "hex": "#77474F",
    "rgb": [
      119,
      71,
      79
    ],
    "images": [
      "dnd_duo_data/522_Pomegranate/1.jpg"
    ]
  },
  {
    "shade_number": "692",
    "color_name": "Deep Royal Blue",
    "hex": "#4B536B",
    "rgb": [
      75,
      83,
      107
    ],
    "images": [
      "dnd_duo_data/692_Deep_Royal_Blue/1.jpg"
    ]
  },
  {
    "shade_number": "509",
    "color_name": "Sapphire Stone",
    "hex": "#6C7A9C",
    "rgb": [
      108,
      122,
      156
    ],
    "images": [
      "dnd_duo_data/509_Sapphire_Stone/1.jpg"
    ]
  },
  {
    "shade_number": "704",
    "color_name": "Nova Magenta",
    "hex": "#9F4369",
    "rgb": [
      159,
      67,
      105
    ],
    "images": [
      "dnd_duo_data/704_Nova_Magenta/1.jpg"
    ]
  },
  {
    "shade_number": "697",
    "color_name": "Sizzlin Cinnamon",
    "hex": "#795A58",
    "rgb": [
      121,
      90,
      88
    ],
    "images": [
      "dnd_duo_data/697_Sizzlin_Cinnamon/1.jpg"
    ]
  },
  {
    "shade_number": "561",
    "color_name": "Strawberry Kiss",
    "hex": "#E86778",
    "rgb": [
      232,
      103,
      120
    ],
    "images": [
      "dnd_duo_data/561_Strawberry_Kiss/1.jpg"
    ]
  },
  {
    "shade_number": "660",
    "color_name": "Indigo Glow",
    "hex": "#D777C2",
    "rgb": [
      215,
      119,
      194
    ],
    "images": [
      "dnd_duo_data/660_Indigo_Glow/1.jpg"
    ]
  },
  {
    "shade_number": "534",
    "color_name": "Pink Hill",
    "hex": "#EF96BD",
    "rgb": [
      239,
      150,
      189
    ],
    "images": [
      "dnd_duo_data/534_Pink_Hill/1.jpg"
    ]
  },
  {
    "shade_number": "548",
    "color_name": "Red Carpet",
    "hex": "#664550",
    "rgb": [
      102,
      69,
      80
    ],
    "images": [
      "dnd_duo_data/548_Red_Carpet/1.jpg"
    ]
  },
  {
    "shade_number": "544",
    "color_name": "Orange Cove",
    "hex": "#C7644B",
    "rgb": [
      199,
      100,
      75
    ],
    "images": [
      "dnd_duo_data/544_Orange_Cove/1.jpg"
    ]
  },
  {
    "shade_number": "694",
    "color_name": "Moon River Blue",
    "hex": "#4173AC",
    "rgb": [
      65,
      115,
      172
    ],
    "images": [
      "dnd_duo_data/694_Moon_River_Blue/1.jpg"
    ]
  },
  {
    "shade_number": "695",
    "color_name": "Blackberry Blast",
    "hex": "#695258",
    "rgb": [
      105,
      82,
      88
    ],
    "images": [
      "dnd_duo_data/695_Blackberry_Blast/1.jpg"
    ]
  },
  {
    "shade_number": "419",
    "color_name": "Havin Cabbler",
    "hex": "#C7AA95",
    "rgb": [
      199,
      170,
      149
    ],
    "images": [
      "dnd_duo_data/419_Havin_Cabbler/1.jpg"
    ]
  },
  {
    "shade_number": "558",
    "color_name": "Cherry Blossom",
    "hex": "#EB7FAF",
    "rgb": [
      235,
      127,
      175
    ],
    "images": [
      "dnd_duo_data/558_Cherry_Blossom/1.jpg"
    ]
  },
  {
    "shade_number": "620",
    "color_name": "Miami Sand",
    "hex": "#F2D4CF",
    "rgb": [
      242,
      212,
      207
    ],
    "images": [
      "dnd_duo_data/620_Miami_Sand/1.jpg"
    ]
  },
  {
    "shade_number": "777",
    "color_name": "Stormi",
    "hex": "#A3A5B2",
    "rgb": [
      163,
      165,
      178
    ],
    "images": [
      "dnd_duo_data/777_Stormi/1.jpg"
    ]
  },
  {
    "shade_number": "706",
    "color_name": "Orchid Lust",
    "hex": "#C5A3C4",
    "rgb": [
      197,
      163,
      196
    ],
    "images": [
      "dnd_duo_data/706_Orchid_Lust/1.jpg"
    ]
  },
  {
    "shade_number": "435",
    "color_name": "Spring Leaf",
    "hex": "#43D642",
    "rgb": [
      67,
      214,
      66
    ],
    "images": [
      "dnd_duo_data/435_Spring_Leaf/1.jpg"
    ]
  },
  {
    "shade_number": "642",
    "color_name": "Magenta Aura",
    "hex": "#EC5288",
    "rgb": [
      236,
      82,
      136
    ],
    "images": [
      "dnd_duo_data/642_Magenta_Aura/1.jpg"
    ]
  },
  {
    "shade_number": "404",
    "color_name": "Lavender Daisy Star",
    "hex": "#AD9EAC",
    "rgb": [
      173,
      158,
      172
    ],
    "images": [
      "dnd_duo_data/404_Lavender_Daisy_Star/1.jpg"
    ]
  },
  {
    "shade_number": "788",
    "color_name": "Deja Vu",
    "hex": "#51C651",
    "rgb": [
      81,
      198,
      81
    ],
    "images": [
      "dnd_duo_data/788_Deja_Vu/1.jpg"
    ]
  },
  {
    "shade_number": "536",
    "color_name": "Creamy Macaroonn",
    "hex": "#F1BCD0",
    "rgb": [
      241,
      188,
      208
    ],
    "images": [
      "dnd_duo_data/536_Creamy_Macaroonn/1.jpg"
    ]
  },
  {
    "shade_number": "405",
    "color_name": "Lush Lilac Star",
    "hex": "#705D87",
    "rgb": [
      112,
      93,
      135
    ],
    "images": [
      "dnd_duo_data/405_Lush_Lilac_Star/1.jpg"
    ]
  },
  {
    "shade_number": "573",
    "color_name": "Lavender Blue",
    "hex": "#B999C4",
    "rgb": [
      185,
      153,
      196
    ],
    "images": [
      "dnd_duo_data/573_Lavender_Blue/1.jpg"
    ]
  },
  {
    "shade_number": "699",
    "color_name": "Cherry Bomb",
    "hex": "#8D4A59",
    "rgb": [
      141,
      74,
      89
    ],
    "images": [
      "dnd_duo_data/699_Cherry_Bomb/1.jpg"
    ]
  },
  {
    "shade_number": "571",
    "color_name": "Blue Ash",
    "hex": "#49A1D1",
    "rgb": [
      73,
      161,
      209
    ],
    "images": [
      "dnd_duo_data/571_Blue_Ash/1.jpg"
    ]
  },
  {
    "shade_number": "508",
    "color_name": "Tropical Teal",
    "hex": "#419EAD",
    "rgb": [
      65,
      158,
      173
    ],
    "images": [
      "dnd_duo_data/508_Tropical_Teal/1.jpg"
    ]
  },
  {
    "shade_number": "450",
    "color_name": "Sweet Purple",
    "hex": "#B6A7B8",
    "rgb": [
      182,
      167,
      184
    ],
    "images": [
      "dnd_duo_data/450_Sweet_Purple/1.jpg"
    ]
  },
  {
    "shade_number": "524",
    "color_name": "Green To Green",
    "hex": "#4D976D",
    "rgb": [
      77,
      151,
      109
    ],
    "images": [
      "dnd_duo_data/524_Green_To_Green/1.jpg"
    ]
  },
  {
    "shade_number": "472",
    "color_name": "Forgotten Pink",
    "hex": "#B48FA2",
    "rgb": [
      180,
      143,
      162
    ],
    "images": [
      "dnd_duo_data/472_Forgotten_Pink/1.jpg"
    ]
  },
  {
    "shade_number": "763",
    "color_name": "Ultra Violet",
    "hex": "#5F4496",
    "rgb": [
      95,
      68,
      150
    ],
    "images": [
      "dnd_duo_data/763_Ultra_Violet/1.jpg"
    ]
  },
  {
    "shade_number": "406",
    "color_name": "Frozen Wave",
    "hex": "#5F9AAF",
    "rgb": [
      95,
      154,
      175
    ],
    "images": [
      "dnd_duo_data/406_Frozen_Wave/1.jpg"
    ]
  },
  {
    "shade_number": "525",
    "color_name": "Dark Sky Light",
    "hex": "#49494F",
    "rgb": [
      73,
      73,
      79
    ],
    "images": [
      "dnd_duo_data/525_Dark_Sky_Light/1.jpg"
    ]
  },
  {
    "shade_number": "774",
    "color_name": "Gypsy Light",
    "hex": "#BC4B5E",
    "rgb": [
      188,
      75,
      94
    ],
    "images": [
      "dnd_duo_data/774_Gypsy_Light/1.jpg"
    ]
  },
  {
    "shade_number": "553",
    "color_name": "Fairy World",
    "hex": "#E999BF",
    "rgb": [
      233,
      153,
      191
    ],
    "images": [
      "dnd_duo_data/553_Fairy_World/1.jpg"
    ]
  },
  {
    "shade_number": "703",
    "color_name": "Purple Glass",
    "hex": "#9C4F7F",
    "rgb": [
      156,
      79,
      127
    ],
    "images": [
      "dnd_duo_data/703_Purple_Glass/1.jpg"
    ]
  },
  {
    "shade_number": "705",
    "color_name": "Silver Dreamer",
    "hex": "#CACACA",
    "rgb": [
      202,
      202,
      202
    ],
    "images": [
      "dnd_duo_data/705_Silver_Dreamer/1.jpg"
    ]
  },
  {
    "shade_number": "615",
    "color_name": "Honey Beige",
    "hex": "#E6BCB7",
    "rgb": [
      230,
      188,
      183
    ],
    "images": [
      "dnd_duo_data/615_Honey_Beige/1.jpg"
    ]
  },
  {
    "shade_number": "606",
    "color_name": "London Coach",
    "hex": "#E2C7CE",
    "rgb": [
      226,
      199,
      206
    ],
    "images": [
      "dnd_duo_data/606_London_Coach/1.jpg"
    ]
  },
  {
    "shade_number": "656",
    "color_name": "Midnight Hour",
    "hex": "#5A4375",
    "rgb": [
      90,
      67,
      117
    ],
    "images": [
      "dnd_duo_data/656_Midnight_Hour/1.jpg"
    ]
  },
  {
    "shade_number": "689",
    "color_name": "Red Ribbons",
    "hex": "#AC444C",
    "rgb": [
      172,
      68,
      76
    ],
    "images": [
      "dnd_duo_data/689_Red_Ribbons/1.jpg"
    ]
  },
  {
    "shade_number": "480",
    "color_name": "Magic Night",
    "hex": "#656CA9",
    "rgb": [
      101,
      108,
      169
    ],
    "images": [
      "dnd_duo_data/480_Magic_Night/1.jpg"
    ]
  },
  {
    "shade_number": "749",
    "color_name": "Old Pine",
    "hex": "#3CB29C",
    "rgb": [
      60,
      178,
      156
    ],
    "images": [
      "dnd_duo_data/749_Old_Pine/1.jpg"
    ]
  },
  {
    "shade_number": "466",
    "color_name": "Brandy Wine",
    "hex": "#8D748D",
    "rgb": [
      141,
      116,
      141
    ],
    "images": [
      "dnd_duo_data/466_Brandy_Wine/1.jpg"
    ]
  },
  {
    "shade_number": "701",
    "color_name": "Wanna Wine",
    "hex": "#74454D",
    "rgb": [
      116,
      69,
      77
    ],
    "images": [
      "dnd_duo_data/701_Wanna_Wine/1.jpg"
    ]
  },
  {
    "shade_number": "598",
    "color_name": "Melody",
    "hex": "#EDDBE0",
    "rgb": [
      237,
      219,
      224
    ],
    "images": [
      "dnd_duo_data/598_Melody/1.jpg"
    ]
  },
  {
    "shade_number": "772",
    "color_name": "Nutcracker",
    "hex": "#A85154",
    "rgb": [
      168,
      81,
      84
    ],
    "images": [
      "dnd_duo_data/772_Nutcracker/1.jpg"
    ]
  },
  {
    "shade_number": "614",
    "color_name": "Sun Tan",
    "hex": "#DEA29F",
    "rgb": [
      222,
      162,
      159
    ],
    "images": [
      "dnd_duo_data/614_Sun_Tan/1.jpg"
    ]
  },
  {
    "shade_number": "670",
    "color_name": "Steel a Kiss",
    "hex": "#45A9D7",
    "rgb": [
      69,
      169,
      215
    ],
    "images": [
      "dnd_duo_data/670_Steel_a_Kiss/1.jpg"
    ]
  },
  {
    "shade_number": "775",
    "color_name": "Boo'd Up",
    "hex": "#CA4E66",
    "rgb": [
      202,
      78,
      102
    ],
    "images": [
      "dnd_duo_data/775_Boo'd_Up/1.jpg"
    ]
  },
  {
    "shade_number": "784",
    "color_name": "Smiley",
    "hex": "#D4DE51",
    "rgb": [
      212,
      222,
      81
    ],
    "images": [
      "dnd_duo_data/784_Smiley/1.jpg"
    ]
  },
  {
    "shade_number": "562",
    "color_name": "Red Lake",
    "hex": "#D25966",
    "rgb": [
      210,
      89,
      102
    ],
    "images": [
      "dnd_duo_data/562_Red_Lake/1.jpg"
    ]
  },
  {
    "shade_number": "434",
    "color_name": "Gulf Stream",
    "hex": "#4EA2B6",
    "rgb": [
      78,
      162,
      182
    ],
    "images": [
      "dnd_duo_data/434_Gulf_Stream/1.jpg"
    ]
  },
  {
    "shade_number": "595",
    "color_name": "Velvet Cream",
    "hex": "#DAAEB7",
    "rgb": [
      218,
      174,
      183
    ],
    "images": [
      "dnd_duo_data/595_Velvet_Cream/1.jpg"
    ]
  },
  {
    "shade_number": "684",
    "color_name": "Pink Tulle",
    "hex": "#F290AE",
    "rgb": [
      242,
      144,
      174
    ],
    "images": [
      "dnd_duo_data/684_Pink_Tulle/1.jpg"
    ]
  },
  {
    "shade_number": "587",
    "color_name": "Peach Cream",
    "hex": "#FAD9BF",
    "rgb": [
      250,
      217,
      191
    ],
    "images": [
      "dnd_duo_data/587_Peach_Cream/1.jpg"
    ]
  },
  {
    "shade_number": "484",
    "color_name": "Sun Of Pink",
    "hex": "#FA95B8",
    "rgb": [
      250,
      149,
      184
    ],
    "images": [
      "dnd_duo_data/484_Sun_Of_Pink/1.jpg"
    ]
  },
  {
    "shade_number": "462",
    "color_name": "Desert Spice",
    "hex": "#9D8770",
    "rgb": [
      157,
      135,
      112
    ],
    "images": [
      "dnd_duo_data/462_Desert_Spice/1.jpg"
    ]
  },
  {
    "shade_number": "627",
    "color_name": "Loving Walnut",
    "hex": "#6C5249",
    "rgb": [
      108,
      82,
      73
    ],
    "images": [
      "dnd_duo_data/627_Loving_Walnut/1.jpg"
    ]
  },
  {
    "shade_number": "639",
    "color_name": "Exotic Pink",
    "hex": "#EA527C",
    "rgb": [
      234,
      82,
      124
    ],
    "images": [
      "dnd_duo_data/639_Exotic_Pink/1.jpg"
    ]
  },
  {
    "shade_number": "590",
    "color_name": "Rose Water",
    "hex": "#DAA1A0",
    "rgb": [
      218,
      161,
      160
    ],
    "images": [
      "dnd_duo_data/590_Rose_Water/1.jpg"
    ]
  },
  {
    "shade_number": "511",
    "color_name": "Nude Sparkle",
    "hex": "#E6D1DF",
    "rgb": [
      230,
      209,
      223
    ],
    "images": [
      "dnd_duo_data/511_Nude_Sparkle/1.jpg"
    ]
  },
  {
    "shade_number": "616",
    "color_name": "Havana Cream",
    "hex": "#D7B6B6",
    "rgb": [
      215,
      182,
      182
    ],
    "images": [
      "dnd_duo_data/616_Havana_Cream/1.jpg"
    ]
  },
  {
    "shade_number": "463",
    "color_name": "Hot Jazz",
    "hex": "#7D474A",
    "rgb": [
      125,
      71,
      74
    ],
    "images": [
      "dnd_duo_data/463_Hot_Jazz/1.jpg"
    ]
  },
  {
    "shade_number": "643",
    "color_name": "Fuchsia Touch",
    "hex": "#EC7BB3",
    "rgb": [
      236,
      123,
      179
    ],
    "images": [
      "dnd_duo_data/643_Fuchsia_Touch/1.jpg"
    ]
  },
  {
    "shade_number": "710",
    "color_name": "Champagne Sparkles",
    "hex": "#F5B8A7",
    "rgb": [
      245,
      184,
      167
    ],
    "images": [
      "dnd_duo_data/710_Champagne_Sparkles/1.jpg"
    ]
  },
  {
    "shade_number": "537",
    "color_name": "Panther Pink",
    "hex": "#F3C6D9",
    "rgb": [
      243,
      198,
      217
    ],
    "images": [
      "dnd_duo_data/537_Panther_Pink/1.jpg"
    ]
  },
  {
    "shade_number": "515",
    "color_name": "Tropical Waterfall",
    "hex": "#5E8996",
    "rgb": [
      94,
      137,
      150
    ],
    "images": [
      "dnd_duo_data/515_Tropical_Waterfall/1.jpg"
    ]
  },
  {
    "shade_number": "501",
    "color_name": "Haven Angel",
    "hex": "#BB608E",
    "rgb": [
      187,
      96,
      142
    ],
    "images": [
      "dnd_duo_data/501_Haven_Angel/1.jpg"
    ]
  },
  {
    "shade_number": "451",
    "color_name": "Rock \"N\" Rose",
    "hex": "#EDD2D7",
    "rgb": [
      237,
      210,
      215
    ],
    "images": [
      "dnd_duo_data/451_Rock_\"N\"_Rose/1.jpg"
    ]
  },
  {
    "shade_number": "514",
    "color_name": "Soaring Sky",
    "hex": "#9AC6EE",
    "rgb": [
      154,
      198,
      238
    ],
    "images": [
      "dnd_duo_data/514_Soaring_Sky/1.jpg"
    ]
  },
  {
    "shade_number": "650",
    "color_name": "Foral Coral",
    "hex": "#EE8084",
    "rgb": [
      238,
      128,
      132
    ],
    "images": [
      "dnd_duo_data/650_Foral_Coral/1.jpg"
    ]
  },
  {
    "shade_number": "629",
    "color_name": "Secret Plum",
    "hex": "#6C4657",
    "rgb": [
      108,
      70,
      87
    ],
    "images": [
      "dnd_duo_data/629_Secret_Plum/1.jpg"
    ]
  },
  {
    "shade_number": "415",
    "color_name": "Purple Heart",
    "hex": "#912B73",
    "rgb": [
      145,
      43,
      115
    ],
    "images": [
      "dnd_duo_data/415_Purple_Heart/1.jpg"
    ]
  },
  {
    "shade_number": "557",
    "color_name": "Hot Raspberry",
    "hex": "#EC6684",
    "rgb": [
      236,
      102,
      132
    ],
    "images": [
      "dnd_duo_data/557_Hot_Raspberry/1.jpg"
    ]
  },
  {
    "shade_number": "569",
    "color_name": "Green Spring",
    "hex": "#8CCEBE",
    "rgb": [
      140,
      206,
      190
    ],
    "images": [
      "dnd_duo_data/569_Green_Spring/1.jpg"
    ]
  },
  {
    "shade_number": "702",
    "color_name": "Astral Blast",
    "hex": "#69465D",
    "rgb": [
      105,
      70,
      93
    ],
    "images": [
      "dnd_duo_data/702_Astral_Blast/1.jpg"
    ]
  },
  {
    "shade_number": "438",
    "color_name": "Island Oasis",
    "hex": "#42BEAC",
    "rgb": [
      66,
      190,
      172
    ],
    "images": [
      "dnd_duo_data/438_Island_Oasis/1.jpg"
    ]
  },
  {
    "shade_number": "494",
    "color_name": "Magical Mauve",
    "hex": "#D9AFDD",
    "rgb": [
      217,
      175,
      221
    ],
    "images": [
      "dnd_duo_data/494_Magical_Mauve/1.jpg"
    ]
  },
  {
    "shade_number": "680",
    "color_name": "Autumn Leaves",
    "hex": "#AB6571",
    "rgb": [
      171,
      101,
      113
    ],
    "images": [
      "dnd_duo_data/680_Autumn_Leaves/1.jpg"
    ]
  },
  {
    "shade_number": "781",
    "color_name": "Starry Night",
    "hex": "#C28F5B",
    "rgb": [
      194,
      143,
      91
    ],
    "images": [
      "dnd_duo_data/781_Starry_Night/1.jpg"
    ]
  },
  {
    "shade_number": "416",
    "color_name": "Purple Pride",
    "hex": "#CC72A6",
    "rgb": [
      204,
      114,
      166
    ],
    "images": [
      "dnd_duo_data/416_Purple_Pride/1.jpg"
    ]
  },
  {
    "shade_number": "487",
    "color_name": "Fairy Dream",
    "hex": "#F9DACF",
    "rgb": [
      249,
      218,
      207
    ],
    "images": [
      "dnd_duo_data/487_Fairy_Dream/1.jpg"
    ]
  },
  {
    "shade_number": "422",
    "color_name": "Portland Orange",
    "hex": "#C55231",
    "rgb": [
      197,
      82,
      49
    ],
    "images": [
      "dnd_duo_data/422_Portland_Orange/1.jpg"
    ]
  },
  {
    "shade_number": "452",
    "color_name": "Sweet Romance",
    "hex": "#EDCEE0",
    "rgb": [
      237,
      206,
      224
    ],
    "images": [
      "dnd_duo_data/452_Sweet_Romance/1.jpg"
    ]
  },
  {
    "shade_number": "641",
    "color_name": "Pink Temptation",
    "hex": "#B43E72",
    "rgb": [
      180,
      62,
      114
    ],
    "images": [
      "dnd_duo_data/641_Pink_Temptation/1.jpg"
    ]
  },
  {
    "shade_number": "583",
    "color_name": "Blue Amber",
    "hex": "#53598D",
    "rgb": [
      83,
      89,
      141
    ],
    "images": [
      "dnd_duo_data/583_Blue_Amber/1.jpg"
    ]
  },
  {
    "shade_number": "596",
    "color_name": "Oak Buff",
    "hex": "#D9B2AD",
    "rgb": [
      217,
      178,
      173
    ],
    "images": [
      "dnd_duo_data/596_Oak_Buff/1.jpg"
    ]
  },
  {
    "shade_number": "612",
    "color_name": "Jovial",
    "hex": "#E1A0A3",
    "rgb": [
      225,
      160,
      163
    ],
    "images": [
      "dnd_duo_data/612_Jovial/1.jpg"
    ]
  },
  {
    "shade_number": "767",
    "color_name": "Sparkling Shine",
    "hex": "#5D4141",
    "rgb": [
      93,
      65,
      65
    ],
    "images": [
      "dnd_duo_data/767_Sparkling_Shine/1.jpg"
    ]
  },
  {
    "shade_number": "485",
    "color_name": "First Impression",
    "hex": "#E8C8DC",
    "rgb": [
      232,
      200,
      220
    ],
    "images": [
      "dnd_duo_data/485_First_Impression/1.jpg"
    ]
  },
  {
    "shade_number": "407",
    "color_name": "Black Diamond Star",
    "hex": "#89949E",
    "rgb": [
      137,
      148,
      158
    ],
    "images": [
      "dnd_duo_data/407_Black_Diamond_Star/1.jpg"
    ]
  },
  {
    "shade_number": "513",
    "color_name": "Ode To Green",
    "hex": "#AFDAD2",
    "rgb": [
      175,
      218,
      210
    ],
    "images": [
      "dnd_duo_data/513_Ode_To_Green/1.jpg"
    ]
  },
  {
    "shade_number": "408",
    "color_name": "Pinky Star",
    "hex": "#A9888C",
    "rgb": [
      169,
      136,
      140
    ],
    "images": [
      "dnd_duo_data/408_Pinky_Star/1.jpg"
    ]
  },
  {
    "shade_number": "24",
    "color_name": "Karat #584",
    "hex": "#C4A681",
    "rgb": [
      196,
      166,
      129
    ],
    "images": [
      "dnd_duo_data/24_Karat_#584/1.jpg"
    ]
  },
  {
    "shade_number": "510",
    "color_name": "Peach Cider",
    "hex": "#BA9F95",
    "rgb": [
      186,
      159,
      149
    ],
    "images": [
      "dnd_duo_data/510_Peach_Cider/1.jpg"
    ]
  },
  {
    "shade_number": "708",
    "color_name": "Warming Rose",
    "hex": "#E9AAC1",
    "rgb": [
      233,
      170,
      193
    ],
    "images": [
      "dnd_duo_data/708_Warming_Rose/1.jpg"
    ]
  },
  {
    "shade_number": "619",
    "color_name": "Sweet Apricot",
    "hex": "#F3BCB3",
    "rgb": [
      243,
      188,
      179
    ],
    "images": [
      "dnd_duo_data/619_Sweet_Apricot/1.jpg"
    ]
  },
  {
    "shade_number": "586",
    "color_name": "Pink Salmon",
    "hex": "#F3C0C3",
    "rgb": [
      243,
      192,
      195
    ],
    "images": [
      "dnd_duo_data/586_Pink_Salmon/1.jpg"
    ]
  },
  {
    "shade_number": "464",
    "color_name": "Fairy Wings",
    "hex": "#B2B2B2",
    "rgb": [
      178,
      178,
      178
    ],
    "images": [
      "dnd_duo_data/464_Fairy_Wings/1.jpg"
    ]
  },
  {
    "shade_number": "652",
    "color_name": "Lychee Peachy",
    "hex": "#EE7F97",
    "rgb": [
      238,
      127,
      151
    ],
    "images": [
      "dnd_duo_data/652_Lychee_Peachy/1.jpg"
    ]
  },
  {
    "shade_number": "769",
    "color_name": "Glistening Sky",
    "hex": "#69484F",
    "rgb": [
      105,
      72,
      79
    ],
    "images": [
      "dnd_duo_data/769_Glistening_Sky/1.jpg"
    ]
  },
  {
    "shade_number": "632",
    "color_name": "Lady In Red",
    "hex": "#995362",
    "rgb": [
      153,
      83,
      98
    ],
    "images": [
      "dnd_duo_data/632_Lady_In_Red/1.jpg"
    ]
  },
  {
    "shade_number": "495",
    "color_name": "Shimmer Sky",
    "hex": "#DDB9D2",
    "rgb": [
      221,
      185,
      210
    ],
    "images": [
      "dnd_duo_data/495_Shimmer_Sky/1.jpg"
    ]
  },
  {
    "shade_number": "476",
    "color_name": "Gold In Red",
    "hex": "#BC5454",
    "rgb": [
      188,
      84,
      84
    ],
    "images": [
      "dnd_duo_data/476_Gold_In_Red/1.jpg"
    ]
  },
  {
    "shade_number": "538",
    "color_name": "Princess Pink",
    "hex": "#ED99B0",
    "rgb": [
      237,
      153,
      176
    ],
    "images": [
      "dnd_duo_data/538_Princess_Pink/1.jpg"
    ]
  },
  {
    "shade_number": "618",
    "color_name": "Peach Buff",
    "hex": "#ECC1BD",
    "rgb": [
      236,
      193,
      189
    ],
    "images": [
      "dnd_duo_data/618_Peach_Buff/1.jpg"
    ]
  },
  {
    "shade_number": "542",
    "color_name": "Lovely Lavender",
    "hex": "#D6BDD5",
    "rgb": [
      214,
      189,
      213
    ],
    "images": [
      "dnd_duo_data/542_Lovely_Lavender/1.jpg"
    ]
  },
  {
    "shade_number": "589",
    "color_name": "Princess Pink",
    "hex": "#EAA2B6",
    "rgb": [
      234,
      162,
      182
    ],
    "images": [
      "dnd_duo_data/589_Princess_Pink/1.jpg"
    ]
  },
  {
    "shade_number": "636",
    "color_name": "Candy Cane",
    "hex": "#D25269",
    "rgb": [
      210,
      82,
      105
    ],
    "images": [
      "dnd_duo_data/636_Candy_Cane/1.jpg"
    ]
  },
  {
    "shade_number": "475",
    "color_name": "Fiery Fuchsia",
    "hex": "#D35269",
    "rgb": [
      211,
      82,
      105
    ],
    "images": [
      "dnd_duo_data/475_Fiery_Fuchsia/1.jpg"
    ]
  },
  {
    "shade_number": "682",
    "color_name": "Guardian Slimmer",
    "hex": "#E56077",
    "rgb": [
      229,
      96,
      119
    ],
    "images": [
      "dnd_duo_data/682_Guardian_Slimmer/1.jpg"
    ]
  },
  {
    "shade_number": "492",
    "color_name": "Lavender Prophet",
    "hex": "#C398D3",
    "rgb": [
      195,
      152,
      211
    ],
    "images": [
      "dnd_duo_data/492_Lavender_Prophet/1.jpg"
    ]
  },
  {
    "shade_number": "669",
    "color_name": "Fierce Sapphire",
    "hex": "#40AAA1",
    "rgb": [
      64,
      170,
      161
    ],
    "images": [
      "dnd_duo_data/669_Fierce_Sapphire/1.jpg"
    ]
  },
  {
    "shade_number": "461",
    "color_name": "Pretty In Pink",
    "hex": "#C48EB2",
    "rgb": [
      196,
      142,
      178
    ],
    "images": [
      "dnd_duo_data/461_Pretty_In_Pink/1.jpg"
    ]
  },
  {
    "shade_number": "505",
    "color_name": "Hot Pink",
    "hex": "#E25371",
    "rgb": [
      226,
      83,
      113
    ],
    "images": [
      "dnd_duo_data/505_Hot_Pink/1.jpg"
    ]
  },
  {
    "shade_number": "439",
    "color_name": "Purple Spring",
    "hex": "#A7A3BE",
    "rgb": [
      167,
      163,
      190
    ],
    "images": [
      "dnd_duo_data/439_Purple_Spring/1.jpg"
    ]
  },
  {
    "shade_number": "552",
    "color_name": "Victorian Blush",
    "hex": "#F0B3CF",
    "rgb": [
      240,
      179,
      207
    ],
    "images": [
      "dnd_duo_data/552_Victorian_Blush/1.jpg"
    ]
  },
  {
    "shade_number": "467",
    "color_name": "Legendary Diamond",
    "hex": "#A9A495",
    "rgb": [
      169,
      164,
      149
    ],
    "images": [
      "dnd_duo_data/467_Legendary_Diamond/1.jpg"
    ]
  },
  {
    "shade_number": "617",
    "color_name": "Porcelain",
    "hex": "#DBAEA5",
    "rgb": [
      219,
      174,
      165
    ],
    "images": [
      "dnd_duo_data/617_Porcelain/1.jpg"
    ]
  },
  {
    "shade_number": "560",
    "color_name": "Orange Ville",
    "hex": "#F98366",
    "rgb": [
      249,
      131,
      102
    ],
    "images": [
      "dnd_duo_data/560_Orange_Ville/1.jpg"
    ]
  },
  {
    "shade_number": "579",
    "color_name": "Violet Femmes",
    "hex": "#BC98C1",
    "rgb": [
      188,
      152,
      193
    ],
    "images": [
      "dnd_duo_data/579_Violet_Femmes/1.jpg"
    ]
  },
  {
    "shade_number": "624",
    "color_name": "Cosmic Dust",
    "hex": "#9B8573",
    "rgb": [
      155,
      133,
      115
    ],
    "images": [
      "dnd_duo_data/624_Cosmic_Dust/1.jpg"
    ]
  },
  {
    "shade_number": "646",
    "color_name": "Shy Blush",
    "hex": "#F1B8C5",
    "rgb": [
      241,
      184,
      197
    ],
    "images": [
      "dnd_duo_data/646_Shy_Blush/1.jpg"
    ]
  },
  {
    "shade_number": "540",
    "color_name": "Orchid Garden",
    "hex": "#CC72A6",
    "rgb": [
      204,
      114,
      166
    ],
    "images": [
      "dnd_duo_data/540_Orchid_Garden/1.jpg"
    ]
  },
  {
    "shade_number": "555",
    "color_name": "Peach Fuzz",
    "hex": "#F2BAC3",
    "rgb": [
      242,
      186,
      195
    ],
    "images": [
      "dnd_duo_data/555_Peach_Fuzz/1.jpg"
    ]
  },
  {
    "shade_number": "707",
    "color_name": "Sweet Nothing",
    "hex": "#E1B4C6",
    "rgb": [
      225,
      180,
      198
    ],
    "images": [
      "dnd_duo_data/707_Sweet_Nothing/1.jpg"
    ]
  },
  {
    "shade_number": "533",
    "color_name": "Greenwich",
    "hex": "#89CCB0",
    "rgb": [
      137,
      204,
      176
    ],
    "images": [
      "dnd_duo_data/533_Greenwich/1.jpg"
    ]
  },
  {
    "shade_number": "693",
    "color_name": "Sugar Spun",
    "hex": "#4A5B8B",
    "rgb": [
      74,
      91,
      139
    ],
    "images": [
      "dnd_duo_data/693_Sugar_Spun/1.jpg"
    ]
  },
  {
    "shade_number": "591",
    "color_name": "Linen Pink",
    "hex": "#FAA5A3",
    "rgb": [
      250,
      165,
      163
    ],
    "images": [
      "dnd_duo_data/591_Linen_Pink/1.jpg"
    ]
  },
  {
    "shade_number": "681",
    "color_name": "Hot Pink Patrol",
    "hex": "#C6526D",
    "rgb": [
      198,
      82,
      109
    ],
    "images": [
      "dnd_duo_data/681_Hot_Pink_Patrol/1.jpg"
    ]
  },
  {
    "shade_number": "412",
    "color_name": "Golden Orange Star",
    "hex": "#CEA58A",
    "rgb": [
      206,
      165,
      138
    ],
    "images": [
      "dnd_duo_data/412_Golden_Orange_Star/1.jpg"
    ]
  },
  {
    "shade_number": "661",
    "color_name": "Mauvy Night",
    "hex": "#9783B8",
    "rgb": [
      151,
      131,
      184
    ],
    "images": [
      "dnd_duo_data/661_Mauvy_Night/1.jpg"
    ]
  },
  {
    "shade_number": "566",
    "color_name": "Red Rock",
    "hex": "#F5456A",
    "rgb": [
      245,
      69,
      106
    ],
    "images": [
      "dnd_duo_data/566_Red_Rock/1.jpg"
    ]
  },
  {
    "shade_number": "454",
    "color_name": "Fiery Flamingo",
    "hex": "#EC759A",
    "rgb": [
      236,
      117,
      154
    ],
    "images": [
      "dnd_duo_data/454_Fiery_Flamingo/1.jpg"
    ]
  },
  {
    "shade_number": "675",
    "color_name": "Red Eyeshadow",
    "hex": "#795458",
    "rgb": [
      121,
      84,
      88
    ],
    "images": [
      "dnd_duo_data/675_Red_Eyeshadow/1.jpg"
    ]
  },
  {
    "shade_number": "597",
    "color_name": "Lavender Dream",
    "hex": "#D4B0B6",
    "rgb": [
      212,
      176,
      182
    ],
    "images": [
      "dnd_duo_data/597_Lavender_Dream/1.jpg"
    ]
  },
  {
    "shade_number": "690",
    "color_name": "Hot Lava",
    "hex": "#C14344",
    "rgb": [
      193,
      67,
      68
    ],
    "images": [
      "dnd_duo_data/690_Hot_Lava/1.jpg"
    ]
  },
  {
    "shade_number": "543",
    "color_name": "Purple Passion",
    "hex": "#C28EBC",
    "rgb": [
      194,
      142,
      188
    ],
    "images": [
      "dnd_duo_data/543_Purple_Passion/1.jpg"
    ]
  },
  {
    "shade_number": "486",
    "color_name": "Classical Violet",
    "hex": "#C0A9B8",
    "rgb": [
      192,
      169,
      184
    ],
    "images": [
      "dnd_duo_data/486_Classical_Violet/1.jpg"
    ]
  },
  {
    "shade_number": "481",
    "color_name": "Burst of Gold",
    "hex": "#F1AF7A",
    "rgb": [
      241,
      175,
      122
    ],
    "images": [
      "dnd_duo_data/481_Burst_of_Gold/1.jpg"
    ]
  },
  {
    "shade_number": "580",
    "color_name": "Vivid Violet",
    "hex": "#A180B3",
    "rgb": [
      161,
      128,
      179
    ],
    "images": [
      "dnd_duo_data/580_Vivid_Violet/1.jpg"
    ]
  },
  {
    "shade_number": "469",
    "color_name": "Vast Galaxy",
    "hex": "#ADAFAE",
    "rgb": [
      173,
      175,
      174
    ],
    "images": [
      "dnd_duo_data/469_Vast_Galaxy/1.jpg"
    ]
  },
  {
    "shade_number": "609",
    "color_name": "Peachy Keen",
    "hex": "#F2ACA4",
    "rgb": [
      242,
      172,
      164
    ],
    "images": [
      "dnd_duo_data/609_Peachy_Keen/1.jpg"
    ]
  },
  {
    "shade_number": "686",
    "color_name": "Sexy Kiss",
    "hex": "#C74452",
    "rgb": [
      199,
      68,
      82
    ],
    "images": [
      "dnd_duo_data/686_Sexy_Kiss/1.jpg"
    ]
  },
  {
    "shade_number": "594",
    "color_name": "Mulberry",
    "hex": "#DFBBC3",
    "rgb": [
      223,
      187,
      195
    ],
    "images": [
      "dnd_duo_data/594_Mulberry/1.jpg"
    ]
  },
  {
    "shade_number": "577",
    "color_name": "French Rose",
    "hex": "#EF87B6",
    "rgb": [
      239,
      135,
      182
    ],
    "images": [
      "dnd_duo_data/577_French_Rose/1.jpg"
    ]
  },
  {
    "shade_number": "512",
    "color_name": "Bubble Pop",
    "hex": "#BCB5CE",
    "rgb": [
      188,
      181,
      206
    ],
    "images": [
      "dnd_duo_data/512_Bubble_Pop/1.jpg"
    ]
  },
  {
    "shade_number": "409",
    "color_name": "Grape Field Star",
    "hex": "#795F71",
    "rgb": [
      121,
      95,
      113
    ],
    "images": [
      "dnd_duo_data/409_Grape_Field_Star/1.jpg"
    ]
  },
  {
    "shade_number": "493",
    "color_name": "Lilac Season",
    "hex": "#B999C4",
    "rgb": [
      185,
      153,
      196
    ],
    "images": [
      "dnd_duo_data/493_Lilac_Season/1.jpg"
    ]
  },
  {
    "shade_number": "593",
    "color_name": "Pink Beauty",
    "hex": "#EAADC5",
    "rgb": [
      234,
      173,
      197
    ],
    "images": [
      "dnd_duo_data/593_Pink_Beauty/1.jpg"
    ]
  },
  {
    "shade_number": "465",
    "color_name": "Royal Jewelry",
    "hex": "#BAAD8F",
    "rgb": [
      186,
      173,
      143
    ],
    "images": [
      "dnd_duo_data/465_Royal_Jewelry/1.jpg"
    ]
  },
  {
    "shade_number": "523",
    "color_name": "Rainbow Day",
    "hex": "#BCBCBF",
    "rgb": [
      188,
      188,
      191
    ],
    "images": [
      "dnd_duo_data/523_Rainbow_Day/1.jpg"
    ]
  },
  {
    "shade_number": "678",
    "color_name": "Red Louboutin",
    "hex": "#824A51",
    "rgb": [
      130,
      74,
      81
    ],
    "images": [
      "dnd_duo_data/678_Red_Louboutin/1.jpg"
    ]
  },
  {
    "shade_number": "691",
    "color_name": "Striking Sunrise",
    "hex": "#E14443",
    "rgb": [
      225,
      68,
      67
    ],
    "images": [
      "dnd_duo_data/691_Striking_Sunrise/1.jpg"
    ]
  },
  {
    "shade_number": "535",
    "color_name": "Rose City",
    "hex": "#BCA6B2",
    "rgb": [
      188,
      166,
      178
    ],
    "images": [
      "dnd_duo_data/535_Rose_City/1.jpg"
    ]
  },
  {
    "shade_number": "610",
    "color_name": "Orange Grove",
    "hex": "#F6BBAF",
    "rgb": [
      246,
      187,
      175
    ],
    "images": [
      "dnd_duo_data/610_Orange_Grove/1.jpg"
    ]
  },
  {
    "shade_number": "504",
    "color_name": "Orange Aura",
    "hex": "#E96B8C",
    "rgb": [
      233,
      107,
      140
    ],
    "images": [
      "dnd_duo_data/504_Orange_Aura/1.jpg"
    ]
  },
  {
    "shade_number": "403",
    "color_name": "Fuchsia Star",
    "hex": "#926275",
    "rgb": [
      146,
      98,
      117
    ],
    "images": [
      "dnd_duo_data/403_Fuchsia_Star/1.jpg"
    ]
  },
  {
    "shade_number": "688",
    "color_name": "Holly shimmer",
    "hex": "#934857",
    "rgb": [
      147,
      72,
      87
    ],
    "images": [
      "dnd_duo_data/688_Holly_shimmer/1.jpg"
    ]
  },
  {
    "shade_number": "585",
    "color_name": "Lotus",
    "hex": "#F1B0BF",
    "rgb": [
      241,
      176,
      191
    ],
    "images": [
      "dnd_duo_data/585_Lotus/1.jpg"
    ]
  },
  {
    "shade_number": "647",
    "color_name": "Rouge Couture",
    "hex": "#EFA9B9",
    "rgb": [
      239,
      169,
      185
    ],
    "images": [
      "dnd_duo_data/647_Rouge_Couture/1.jpg"
    ]
  },
  {
    "shade_number": "623",
    "color_name": "Santa Stars",
    "hex": "#8C6C64",
    "rgb": [
      140,
      108,
      100
    ],
    "images": [
      "dnd_duo_data/623_Santa_Stars/1.jpg"
    ]
  },
  {
    "shade_number": "498",
    "color_name": "Lipstick",
    "hex": "#F08B8E",
    "rgb": [
      240,
      139,
      142
    ],
    "images": [
      "dnd_duo_data/498_Lipstick/1.jpg"
    ]
  },
  {
    "shade_number": "554",
    "color_name": "Candy Crush",
    "hex": "#EE7997",
    "rgb": [
      238,
      121,
      151
    ],
    "images": [
      "dnd_duo_data/554_Candy_Crush/1.jpg"
    ]
  },
  {
    "shade_number": "631",
    "color_name": "Fuschia in Beauty",
    "hex": "#89546E",
    "rgb": [
      137,
      84,
      110
    ],
    "images": [
      "dnd_duo_data/631_Fuschia_in_Beauty/1.jpg"
    ]
  },
  {
    "shade_number": "611",
    "color_name": "Creamy Peach",
    "hex": "#EBA5A8",
    "rgb": [
      235,
      165,
      168
    ],
    "images": [
      "dnd_duo_data/611_Creamy_Peach/1.jpg"
    ]
  },
  {
    "shade_number": "517",
    "color_name": "Lollipop",
    "hex": "#D3A5BA",
    "rgb": [
      211,
      165,
      186
    ],
    "images": [
      "dnd_duo_data/517_Lollipop/1.jpg"
    ]
  },
  {
    "shade_number": "625",
    "color_name": "Merry Von",
    "hex": "#98474C",
    "rgb": [
      152,
      71,
      76
    ],
    "images": [
      "dnd_duo_data/625_Merry_Von/1.jpg"
    ]
  },
  {
    "shade_number": "491",
    "color_name": "Royal Violet",
    "hex": "#C18EAF",
    "rgb": [
      193,
      142,
      175
    ],
    "images": [
      "dnd_duo_data/491_Royal_Violet/1.jpg"
    ]
  },
  {
    "shade_number": "521",
    "color_name": "Ice Berry Cocktail",
    "hex": "#8E4648",
    "rgb": [
      142,
      70,
      72
    ],
    "images": [
      "dnd_duo_data/521_Ice_Berry_Cocktail/1.jpg"
    ]
  },
  {
    "shade_number": "468",
    "color_name": "Northern Sky",
    "hex": "#6B83A5",
    "rgb": [
      107,
      131,
      165
    ],
    "images": [
      "dnd_duo_data/468_Northern_Sky/1.jpg"
    ]
  },
  {
    "shade_number": "576",
    "color_name": "Misty Rose",
    "hex": "#EF9CB7",
    "rgb": [
      239,
      156,
      183
    ],
    "images": [
      "dnd_duo_data/576_Misty_Rose/1.jpg"
    ]
  },
  {
    "shade_number": "410",
    "color_name": "Ocean Night Star",
    "hex": "#66688C",
    "rgb": [
      102,
      104,
      140
    ],
    "images": [
      "dnd_duo_data/410_Ocean_Night_Star/1.jpg"
    ]
  },
  {
    "shade_number": "516",
    "color_name": "Just 4 You",
    "hex": "#59496C",
    "rgb": [
      89,
      73,
      108
    ],
    "images": [
      "dnd_duo_data/516_Just_4_You/1.jpg"
    ]
  },
  {
    "shade_number": "539",
    "color_name": "Candy Pink",
    "hex": "#EEA0A0",
    "rgb": [
      238,
      160,
      160
    ],
    "images": [
      "dnd_duo_data/539_Candy_Pink/1.jpg"
    ]
  },
  {
    "shade_number": "676",
    "color_name": "Universal Red",
    "hex": "#774F57",
    "rgb": [
      119,
      79,
      87
    ],
    "images": [
      "dnd_duo_data/676_Universal_Red/1.jpg"
    ]
  },
  {
    "shade_number": "519",
    "color_name": "Strawberry Candy",
    "hex": "#A67682",
    "rgb": [
      166,
      118,
      130
    ],
    "images": [
      "dnd_duo_data/519_Strawberry_Candy/1.jpg"
    ]
  },
  {
    "shade_number": "470",
    "color_name": "Love Letter",
    "hex": "#9D5E81",
    "rgb": [
      157,
      94,
      129
    ],
    "images": [
      "dnd_duo_data/470_Love_Letter/1.jpg"
    ]
  },
  {
    "shade_number": "588",
    "color_name": "Citrus Hill",
    "hex": "#E9ABA8",
    "rgb": [
      233,
      171,
      168
    ],
    "images": [
      "dnd_duo_data/588_Citrus_Hill/1.jpg"
    ]
  },
  {
    "shade_number": "520",
    "color_name": "Kool Berry",
    "hex": "#99536A",
    "rgb": [
      153,
      83,
      106
    ],
    "images": [
      "dnd_duo_data/520_Kool_Berry/1.jpg"
    ]
  },
  {
    "shade_number": "677",
    "color_name": "Red Ombre",
    "hex": "#A15266",
    "rgb": [
      161,
      82,
      102
    ],
    "images": [
      "dnd_duo_data/677_Red_Ombre/1.jpg"
    ]
  },
  {
    "shade_number": "687",
    "color_name": "Grape Nectar",
    "hex": "#804A54",
    "rgb": [
      128,
      74,
      84
    ],
    "images": [
      "dnd_duo_data/687_Grape_Nectar/1.jpg"
    ]
  },
  {
    "shade_number": "000",
    "color_name": "DND Mood Change #02 - Scarlet To Purple Red",
    "hex": "#E5DADD",
    "rgb": [
      229,
      218,
      221
    ],
    "images": [
      "dnd_duo_data/000_DND_Mood_Change_#02_-_Scarlet_To_Purple_Red/1.jpg"
    ]
  }
]